[11-28|12:37:30] INFO Starting Metrics Server on port 9001
[11-28|12:37:30] INFO Sync Mode full
[11-28|12:37:30] INFO Reading custom genesis state accounts=1
[11-28|12:37:30] INFO Data directory: ./data/node2
[11-28|12:37:30] INFO Full sync mode
[11-28|12:37:30] INFO Initializing Ethereumjs client version=vundefined network=devnet chainId=123456
[11-28|12:37:30] INFO Preparing for sync using FullEthereumService with FullSynchronizer.
[11-28|12:37:30] DEBUG Read SYNCING linked=false subchains= reset=false el=0 hash=0x0c4d…36e0
[11-28|12:37:30] INFO Latest local block number=0 td=1 hash=0x0c4d…36e0 hardfork=london
[11-28|12:37:30] INFO Initializing VM merkle statemanager genesis hardfork=london
[11-28|12:37:30] INFO Setting up merkleVM
[11-28|12:37:30] INFO Initializing account cache size=400000
[11-28|12:37:30] INFO Initializing storage cache size=200000
[11-28|12:37:30] INFO Initializing code cache size=200000
[11-28|12:37:30] INFO Initializing trie cache size=200000
[11-28|12:37:30] INFO Setup EVM execution.
[11-28|12:37:30] INFO ---------------
[11-28|12:37:30] INFO TxPool started.
[11-28|12:37:30] INFO ---------------
[11-28|12:37:30] DEBUG Client synchronized=false height=0 syncTargetHeight=0 lastSyncDate=132014169.709 secs ago
[11-28|12:37:30] INFO Setup networking and services.
[11-28|12:37:30] DEBUG Waiting for best peer (attempt #1)
[11-28|12:37:30] INFO Started eth service.
[11-28|12:37:30] INFO Miner started. Assembling next block in 10s
[11-28|12:37:30] INFO Skipped execution run vmHead=0 canonicalHead=0 hardfork=london execution=true
[11-28|12:37:30] INFO Started rlpx server maxPeers=25
[11-28|12:37:30] INFO Started discovery service discV4=true dns=false refreshInterval=30000
[11-28|12:37:30] DEBUG Running execution startHeadBlock=0 canonicalHead=0 loop=true
[11-28|12:37:30] INFO Server listener up transport=rlpx url=enode://15f3171dfabbdfb2ba8cd657439963e04fb9dfa9e482c51f9d0bd8cc51714445625587fd346b68b7b90300d574ab1da56e10ba58b74d88f7982dd6aac061708a@127.0.0.1:8001
[11-28|12:37:30] INFO New Engine API JWT token created path=./data/node2/jwtsecret
[11-28|12:37:30] INFO Using Engine API with JWT token authentication path=./data/node2/jwtsecret
[11-28|12:37:30] DEBUG RPC Initialized eth_blockNumber, eth_call, eth_chainId, eth_maxPriorityFeePerGas, eth_estimateGas, eth_getBalance, eth_coinbase, eth_getBlockByHash, eth_getBlockByNumber, eth_getBlockTransactionCountByHash, eth_getCode, eth_getStorageAt, eth_getTransactionByBlockHashAndIndex, eth_getTransactionByBlockNumberAndIndex, eth_getTransactionByHash, eth_getTransactionCount, eth_protocolVersion, eth_getUncleCountByBlockNumber, eth_getBlockReceipts, eth_getTransactionReceipt, eth_getLogs, eth_sendRawTransaction, eth_getProof, eth_syncing, eth_getBlockTransactionCountByNumber, eth_gasPrice, eth_feeHistory, eth_blobBaseFee, web3_clientVersion, web3_sha3, net_version, net_listening, net_peerCount, admin_nodeInfo, admin_peers, admin_addPeer, txpool_content, debug_traceTransaction, debug_traceCall, debug_storageRangeAt, debug_getRawBlock, debug_getRawHeader, debug_getRawReceipts, debug_getRawTransaction, debug_verbosity, debug_setHead
[11-28|12:37:30] INFO Started JSON RPC Server address=http://127.0.0.1:8546 namespaces=eth,web3,net,admin,txpool,debug
[11-28|12:37:30] DEBUG Methods available at address=http://127.0.0.1:8546 namespaces=eth,web3,net,admin,txpool,debug methods=eth_blockNumber,eth_call,eth_chainId,eth_maxPriorityFeePerGas,eth_estimateGas,eth_getBalance,eth_coinbase,eth_getBlockByHash,eth_getBlockByNumber,eth_getBlockTransactionCountByHash,eth_getCode,eth_getStorageAt,eth_getTransactionByBlockHashAndIndex,eth_getTransactionByBlockNumberAndIndex,eth_getTransactionByHash,eth_getTransactionCount,eth_protocolVersion,eth_getUncleCountByBlockNumber,eth_getBlockReceipts,eth_getTransactionReceipt,eth_getLogs,eth_sendRawTransaction,eth_getProof,eth_syncing,eth_getBlockTransactionCountByNumber,eth_gasPrice,eth_feeHistory,eth_blobBaseFee,web3_clientVersion,web3_sha3,net_version,net_listening,net_peerCount,admin_nodeInfo,admin_peers,admin_addPeer,txpool_content,debug_traceTransaction,debug_traceCall,debug_storageRangeAt,debug_getRawBlock,debug_getRawHeader,debug_getRawReceipts,debug_getRawTransaction,debug_verbosity,debug_setHead
[11-28|12:37:30] DEBUG RPC Initialized eth_blockNumber, eth_call, eth_chainId, eth_maxPriorityFeePerGas, eth_estimateGas, eth_getBalance, eth_coinbase, eth_getBlockByHash, eth_getBlockByNumber, eth_getBlockTransactionCountByHash, eth_getCode, eth_getStorageAt, eth_getTransactionByBlockHashAndIndex, eth_getTransactionByBlockNumberAndIndex, eth_getTransactionByHash, eth_getTransactionCount, eth_protocolVersion, eth_getUncleCountByBlockNumber, eth_getBlockReceipts, eth_getTransactionReceipt, eth_getLogs, eth_sendRawTransaction, eth_getProof, eth_syncing, eth_getBlockTransactionCountByNumber, eth_gasPrice, eth_feeHistory, eth_blobBaseFee, web3_clientVersion, web3_sha3, net_version, net_listening, net_peerCount, admin_nodeInfo, admin_peers, admin_addPeer, txpool_content, debug_traceTransaction, debug_traceCall, debug_storageRangeAt, debug_getRawBlock, debug_getRawHeader, debug_getRawReceipts, debug_getRawTransaction, debug_verbosity, debug_setHead
[11-28|12:37:30] DEBUG RPC Initialized engine_initValidators, engine_newPayload, engine_newPayloadV1, engine_newPayloadV2, engine_newPayloadV3, engine_newPayloadV4, engine_forkchoiceUpdated, engine_forkchoiceUpdatedV1, engine_forkchoiceUpdatedV2, engine_forkchoiceUpdatedV3, engine_getPayload, engine_getPayloadV1, engine_getPayloadV2, engine_getPayloadV3, engine_getPayloadV4, engine_getPayloadV5, engine_exchangeCapabilities, engine_getPayloadBodiesByHashV1, engine_getPayloadBodiesByRangeV1, engine_getBlobsV1, engine_getBlobsV2
[11-28|12:37:30] INFO Started JSON RPC server address=http://127.0.0.1:8552 namespaces=eth,engine rpcEngineAuth=true
[11-28|12:37:30] DEBUG Methods available at address=http://127.0.0.1:8552 namespaces=eth,engine methods=eth_blockNumber,eth_call,eth_chainId,eth_getCode,eth_getBlockByHash,eth_getBlockByNumber,eth_getLogs,eth_sendRawTransaction,eth_syncing,engine_initValidators,engine_newPayload,engine_newPayloadV1,engine_newPayloadV2,engine_newPayloadV3,engine_newPayloadV4,engine_forkchoiceUpdated,engine_forkchoiceUpdatedV1,engine_forkchoiceUpdatedV2,engine_forkchoiceUpdatedV3,engine_getPayload,engine_getPayloadV1,engine_getPayloadV2,engine_getPayloadV3,engine_getPayloadV4,engine_getPayloadV5,engine_exchangeCapabilities,engine_getPayloadBodiesByHashV1,engine_getPayloadBodiesByRangeV1,engine_getBlobsV1,engine_getBlobsV2
[11-28|12:37:30] INFO ---------------------------
[11-28|12:37:30] INFO Client started successfully
[11-28|12:37:30] INFO ---------------------------
[11-28|12:37:30] DEBUG Peer connected: id=873944b5 address=127.0.0.1:8000 transport=rlpx protocols=eth,snap inbound=true
[11-28|12:37:30] DEBUG Found full peer: id=873944b5 address=127.0.0.1:8000 transport=rlpx protocols=eth,snap inbound=true
[11-28|12:37:30] DEBUG Peer added: id=873944b5 address=127.0.0.1:8000 transport=rlpx protocols=eth,snap inbound=true
[11-28|12:37:35] INFO New sync target height=4 hash=0xc8c9d1e72ba9285ae87c94f23272ff199c33ca4174463494e4…
[11-28|12:37:35] INFO -------------------------------------------------------
[11-28|12:37:35] INFO Synchronized blockchain at height=4 hash=0xc8c9…411c 🎉
[11-28|12:37:35] INFO -------------------------------------------------------
[11-28|12:37:35] DEBUG Finishing up sync with the current fetcher  height=4
[11-28|12:37:35] DEBUG Client synchronized=true height=4 syncTargetHeight=4 lastSyncDate=8.778 secs ago
[11-28|12:37:35] DEBUG Miner: Chain updated with block 4. Queuing next block assembly in 1s
[11-28|12:37:35] INFO Imported blocks count=4 first=1 last=4 hash=0x8c9e…8f7b baseFee=7 hardfork=london peers=1
[11-28|12:37:35] DEBUG Running execution startHeadBlock=0 canonicalHead=4 loop=true
[11-28|12:37:35] INFO Executed blocks count=4 first=0 hash=0x0c4d…36e0 td=9 baseFee=7 hardfork=london last=4 hash=0xc8c9…411c txs=0
[11-28|12:37:37] INFO txsByPriceAndNonce selected txs=0, skipped byNonce=0 byPrice=0 byBlobsLimit=0 byFutureFork=0
[11-28|12:37:37] INFO Miner: Assembling block from 0 eligible txs (baseFee: 7)
[11-28|12:37:37] INFO Miner: Sealed block with 0 txs (in turn)
[11-28|12:37:37] DEBUG Miner: Chain updated with block 5. Queuing next block assembly in 10s
[11-28|12:37:37] DEBUG Miner: Chain updated with block 5. Queuing next block assembly in 10s
[11-28|12:37:37] DEBUG Running execution startHeadBlock=4 canonicalHead=5 loop=true
[11-28|12:37:37] INFO Executed blocks count=1 first=4 hash=0xc8c9…411c td=11 baseFee=7 hardfork=london last=5 hash=0x5219…4cc9 txs=0
[11-28|12:37:43] DEBUG Fetcher finished fetching...
[11-28|12:37:43] DEBUG Finishing up sync with the current fetcher 
[11-28|12:37:43] DEBUG Waiting for best peer (attempt #1)
[11-28|12:37:47] INFO txsByPriceAndNonce selected txs=0, skipped byNonce=0 byPrice=0 byBlobsLimit=0 byFutureFork=0
[11-28|12:37:47] INFO Miner: Assembling block from 0 eligible txs (baseFee: 7)
[11-28|12:37:47] INFO Miner: Sealed block with 0 txs (in turn)
[11-28|12:37:47] DEBUG Finishing up sync with the current fetcher  height=6
[11-28|12:37:47] DEBUG Miner: Chain updated with block 6. Queuing next block assembly in 10s
[11-28|12:37:47] DEBUG Miner: Chain updated with block 6. Queuing next block assembly in 10s
[11-28|12:37:47] DEBUG Running execution startHeadBlock=5 canonicalHead=6 loop=true
[11-28|12:37:47] INFO Executed blocks count=1 first=5 hash=0x5219…4cc9 td=13 baseFee=7 hardfork=london last=6 hash=0xccd1…ebb7 txs=0
[11-28|12:37:48] DEBUG Waiting for best peer (attempt #2)
[11-28|12:37:53] DEBUG Waiting for best peer (attempt #3)
[11-28|12:37:55] DEBUG Waiting for best peer (attempt #1)
[11-28|12:37:57] INFO txsByPriceAndNonce selected txs=0, skipped byNonce=0 byPrice=0 byBlobsLimit=0 byFutureFork=0
[11-28|12:37:57] INFO Miner: Assembling block from 0 eligible txs (baseFee: 7)
[11-28|12:37:57] INFO Miner: Sealed block with 0 txs (in turn)
[11-28|12:37:57] DEBUG Finishing up sync with the current fetcher  height=7
[11-28|12:37:57] DEBUG Miner: Chain updated with block 7. Queuing next block assembly in 10s
[11-28|12:37:57] DEBUG Miner: Chain updated with block 7. Queuing next block assembly in 10s
[11-28|12:37:57] DEBUG Running execution startHeadBlock=6 canonicalHead=7 loop=true
[11-28|12:37:57] INFO Executed blocks count=1 first=6 hash=0xccd1…ebb7 td=15 baseFee=7 hardfork=london last=7 hash=0x89d4…756b txs=0
[11-28|12:37:58] DEBUG Waiting for best peer (attempt #4)
[11-28|12:38:00] DEBUG Waiting for best peer (attempt #2)
[11-28|12:38:00] INFO Memory stats usage=61 MB percentage=1%
[11-28|12:38:03] DEBUG Waiting for best peer (attempt #5)
[11-28|12:38:05] DEBUG Waiting for best peer (attempt #1)
[11-28|12:38:05] DEBUG Waiting for best peer (attempt #3)
[11-28|12:38:07] INFO txsByPriceAndNonce selected txs=0, skipped byNonce=0 byPrice=0 byBlobsLimit=0 byFutureFork=0
[11-28|12:38:07] INFO Miner: Assembling block from 0 eligible txs (baseFee: 7)
[11-28|12:38:07] INFO Miner: Sealed block with 0 txs (in turn)
[11-28|12:38:07] DEBUG Finishing up sync with the current fetcher  height=8
[11-28|12:38:07] DEBUG Miner: Chain updated with block 8. Queuing next block assembly in 10s
[11-28|12:38:07] DEBUG Miner: Chain updated with block 8. Queuing next block assembly in 10s
[11-28|12:38:07] DEBUG Running execution startHeadBlock=7 canonicalHead=8 loop=true
[11-28|12:38:07] INFO Executed blocks count=1 first=7 hash=0x89d4…756b td=17 baseFee=7 hardfork=london last=8 hash=0x5234…9cd1 txs=0
[11-28|12:38:08] DEBUG Waiting for best peer (attempt #6)
[11-28|12:38:10] DEBUG Waiting for best peer (attempt #2)
[11-28|12:38:10] DEBUG Waiting for best peer (attempt #4)
[11-28|12:38:13] DEBUG Waiting for best peer (attempt #7)
[11-28|12:38:15] DEBUG Waiting for best peer (attempt #3)
[11-28|12:38:15] DEBUG Waiting for best peer (attempt #1)
[11-28|12:38:15] DEBUG Waiting for best peer (attempt #5)
[11-28|12:38:17] INFO txsByPriceAndNonce selected txs=0, skipped byNonce=0 byPrice=0 byBlobsLimit=0 byFutureFork=0
[11-28|12:38:17] INFO Miner: Assembling block from 0 eligible txs (baseFee: 7)
[11-28|12:38:17] INFO Miner: Sealed block with 0 txs (in turn)
[11-28|12:38:17] DEBUG Finishing up sync with the current fetcher  height=9
[11-28|12:38:17] DEBUG Miner: Chain updated with block 9. Queuing next block assembly in 10s
[11-28|12:38:17] DEBUG Miner: Chain updated with block 9. Queuing next block assembly in 10s
[11-28|12:38:17] DEBUG Running execution startHeadBlock=8 canonicalHead=9 loop=true
[11-28|12:38:17] INFO Executed blocks count=1 first=8 hash=0x5234…9cd1 td=19 baseFee=7 hardfork=london last=9 hash=0xd37c…7482 txs=0
[11-28|12:38:18] DEBUG Waiting for best peer (attempt #8)
[11-28|12:38:20] DEBUG Waiting for best peer (attempt #4)
[11-28|12:38:20] DEBUG Waiting for best peer (attempt #2)
[11-28|12:38:20] DEBUG Waiting for best peer (attempt #6)
[11-28|12:38:23] DEBUG Waiting for best peer (attempt #9)
[11-28|12:38:25] DEBUG Waiting for best peer (attempt #5)
[11-28|12:38:25] DEBUG Waiting for best peer (attempt #1)
[11-28|12:38:25] DEBUG Waiting for best peer (attempt #3)
[11-28|12:38:25] DEBUG Waiting for best peer (attempt #7)
[11-28|12:38:27] INFO txsByPriceAndNonce selected txs=0, skipped byNonce=0 byPrice=0 byBlobsLimit=0 byFutureFork=0
[11-28|12:38:27] INFO Miner: Assembling block from 0 eligible txs (baseFee: 7)
[11-28|12:38:27] INFO Miner: Sealed block with 0 txs (in turn)
[11-28|12:38:27] DEBUG Finishing up sync with the current fetcher  height=10
[11-28|12:38:27] DEBUG Miner: Chain updated with block 10. Queuing next block assembly in 10s
[11-28|12:38:27] DEBUG Miner: Chain updated with block 10. Queuing next block assembly in 10s
[11-28|12:38:27] DEBUG Running execution startHeadBlock=9 canonicalHead=10 loop=true
[11-28|12:38:27] INFO Executed blocks count=1 first=9 hash=0xd37c…7482 td=21 baseFee=7 hardfork=london last=10 hash=0xcd4e…41ca txs=0
[11-28|12:38:28] DEBUG Waiting for best peer (attempt #10)
[11-28|12:38:30] DEBUG Waiting for best peer (attempt #6)
[11-28|12:38:30] DEBUG Waiting for best peer (attempt #2)
[11-28|12:38:30] DEBUG Waiting for best peer (attempt #4)
[11-28|12:38:30] DEBUG Waiting for best peer (attempt #8)
[11-28|12:38:30] DEBUG Memory stats usage=63 MB percentage=1%
[11-28|12:38:33] DEBUG Waiting for best peer (attempt #11)
[11-28|12:38:35] DEBUG Waiting for best peer (attempt #7)
[11-28|12:38:35] DEBUG Waiting for best peer (attempt #3)
[11-28|12:38:35] DEBUG Waiting for best peer (attempt #1)
[11-28|12:38:35] DEBUG Waiting for best peer (attempt #5)
[11-28|12:38:35] DEBUG Waiting for best peer (attempt #9)
[11-28|12:38:37] INFO txsByPriceAndNonce selected txs=0, skipped byNonce=0 byPrice=0 byBlobsLimit=0 byFutureFork=0
[11-28|12:38:37] INFO Miner: Assembling block from 0 eligible txs (baseFee: 7)
[11-28|12:38:37] INFO Miner: Sealed block with 0 txs (in turn)
[11-28|12:38:37] DEBUG Finishing up sync with the current fetcher  height=11
[11-28|12:38:37] DEBUG Miner: Chain updated with block 11. Queuing next block assembly in 10s
[11-28|12:38:37] DEBUG Miner: Chain updated with block 11. Queuing next block assembly in 10s
[11-28|12:38:37] DEBUG Running execution startHeadBlock=10 canonicalHead=11 loop=true
[11-28|12:38:37] INFO Executed blocks count=1 first=10 hash=0xcd4e…41ca td=23 baseFee=7 hardfork=london last=11 hash=0x3596…5a42 txs=0
[11-28|12:38:38] DEBUG Waiting for best peer (attempt #12)
[11-28|12:38:40] DEBUG Waiting for best peer (attempt #8)
[11-28|12:38:40] DEBUG Waiting for best peer (attempt #4)
[11-28|12:38:40] DEBUG Waiting for best peer (attempt #2)
[11-28|12:38:40] DEBUG Waiting for best peer (attempt #6)
[11-28|12:38:40] DEBUG Waiting for best peer (attempt #10)
[11-28|12:38:41] INFO Caught interrupt signal. Obtaining client handle for clean shutdown...
[11-28|12:38:41] INFO (This might take a little longer if client not yet fully started)
[11-28|12:38:41] INFO Shutting down the client and the servers...
[11-28|12:38:41] INFO TxPool stopped.
[11-28|12:38:41] INFO Miner stopped.
[11-28|12:38:41] INFO Caught interrupt signal. Obtaining client handle for clean shutdown...
[11-28|12:38:41] INFO (This might take a little longer if client not yet fully started)
[11-28|12:38:41] INFO Shutting down the client and the servers...
[11-28|12:38:41] INFO Caught interrupt signal. Obtaining client handle for clean shutdown...
[11-28|12:38:41] INFO (This might take a little longer if client not yet fully started)
[11-28|12:38:41] INFO Shutting down the client and the servers...
[11-28|12:38:41] INFO Caught interrupt signal. Obtaining client handle for clean shutdown...
[11-28|12:38:41] INFO (This might take a little longer if client not yet fully started)
[11-28|12:38:41] INFO Shutting down the client and the servers...
[11-28|12:38:42] INFO Caught interrupt signal. Obtaining client handle for clean shutdown...
[11-28|12:38:42] INFO (This might take a little longer if client not yet fully started)
[11-28|12:38:42] INFO Shutting down the client and the servers...
[11-28|12:38:42] INFO Caught interrupt signal. Obtaining client handle for clean shutdown...
[11-28|12:38:42] INFO (This might take a little longer if client not yet fully started)
[11-28|12:38:42] INFO Shutting down the client and the servers...
[11-28|12:38:43] INFO Caught interrupt signal. Obtaining client handle for clean shutdown...
[11-28|12:38:43] INFO (This might take a little longer if client not yet fully started)
[11-28|12:38:43] INFO Shutting down the client and the servers...
[11-28|12:38:43] INFO Caught interrupt signal. Obtaining client handle for clean shutdown...
[11-28|12:38:43] INFO (This might take a little longer if client not yet fully started)
[11-28|12:38:43] INFO Shutting down the client and the servers...
[11-28|12:38:43] DEBUG Waiting for best peer (attempt #13)
[11-28|12:38:45] DEBUG Waiting for best peer (attempt #9)
[11-28|12:38:45] DEBUG Waiting for best peer (attempt #5)
[11-28|12:38:45] DEBUG Waiting for best peer (attempt #1)
[11-28|12:38:45] DEBUG Waiting for best peer (attempt #3)
[11-28|12:38:45] DEBUG Waiting for best peer (attempt #7)
[11-28|12:38:45] DEBUG Waiting for best peer (attempt #11)
[11-28|12:38:47] INFO txsByPriceAndNonce selected txs=0, skipped byNonce=0 byPrice=0 byBlobsLimit=0 byFutureFork=0
[11-28|12:38:47] INFO Miner: Assembling block from 0 eligible txs (baseFee: 7)
[11-28|12:38:47] INFO Miner: Sealed block with 0 txs (in turn)
[11-28|12:38:47] DEBUG Finishing up sync with the current fetcher  height=12
[11-28|12:38:48] DEBUG Waiting for best peer (attempt #14)
[11-28|12:38:49] INFO Stopped synchronization.
[11-28|12:38:49] INFO Stopped execution.
[11-28|12:38:49] INFO Stopped eth service.
[11-28|12:39:01] INFO Starting Metrics Server on port 9001
[11-28|12:39:01] INFO Sync Mode full
[11-28|12:39:01] INFO Reading custom genesis state accounts=1
[11-28|12:39:01] INFO Data directory: ./data/node2
[11-28|12:39:01] INFO Full sync mode
[11-28|12:39:01] INFO Initializing Ethereumjs client version=vundefined network=devnet chainId=123456
[11-28|12:39:01] INFO Preparing for sync using FullEthereumService with FullSynchronizer.
[11-28|12:39:01] DEBUG Read SYNCING linked=false subchains= reset=false el=12 hash=0x7a8f…afa6
[11-28|12:39:01] INFO Latest local block number=12 td=25 hash=0x7a8f…afa6 hardfork=london
[11-28|12:39:01] INFO Initializing VM merkle statemanager genesis hardfork=london
[11-28|12:39:01] INFO Setting up merkleVM
[11-28|12:39:01] INFO Initializing account cache size=400000
[11-28|12:39:01] INFO Initializing storage cache size=200000
[11-28|12:39:01] INFO Initializing code cache size=200000
[11-28|12:39:01] INFO Initializing trie cache size=200000
[11-28|12:39:01] INFO Setup EVM execution.
[11-28|12:39:01] INFO Setup networking and services.
[11-28|12:39:01] DEBUG Waiting for best peer (attempt #1)
[11-28|12:39:01] INFO Started eth service.
[11-28|12:39:01] INFO Starting execution run vmHead=11 canonicalHead=12 hardfork=london execution=true
[11-28|12:39:01] INFO Started rlpx server maxPeers=25
[11-28|12:39:01] INFO Started discovery service discV4=true dns=false refreshInterval=30000
[11-28|12:39:01] DEBUG Running execution startHeadBlock=11 canonicalHead=12 loop=true
[11-28|12:39:01] DEBUG Running execution startHeadBlock=11 canonicalHead=12 loop=true
[11-28|12:39:01] INFO Server listener up transport=rlpx url=enode://1ee7424673263512bf134e1bd601cd76eed06e9e5d1cd90ada7519eb9acb4a97cc8bfc0a354d83ede8a887865bba3906b8e2a80d7310488fb3e6483f0d68043e@127.0.0.1:8001
[11-28|12:39:01] INFO Using Engine API with JWT token authentication path=./data/node2/jwtsecret
[11-28|12:39:01] DEBUG RPC Initialized eth_blockNumber, eth_call, eth_chainId, eth_maxPriorityFeePerGas, eth_estimateGas, eth_getBalance, eth_coinbase, eth_getBlockByHash, eth_getBlockByNumber, eth_getBlockTransactionCountByHash, eth_getCode, eth_getStorageAt, eth_getTransactionByBlockHashAndIndex, eth_getTransactionByBlockNumberAndIndex, eth_getTransactionByHash, eth_getTransactionCount, eth_protocolVersion, eth_getUncleCountByBlockNumber, eth_getBlockReceipts, eth_getTransactionReceipt, eth_getLogs, eth_sendRawTransaction, eth_getProof, eth_syncing, eth_getBlockTransactionCountByNumber, eth_gasPrice, eth_feeHistory, eth_blobBaseFee, web3_clientVersion, web3_sha3, net_version, net_listening, net_peerCount, admin_nodeInfo, admin_peers, admin_addPeer, txpool_content, debug_traceTransaction, debug_traceCall, debug_storageRangeAt, debug_getRawBlock, debug_getRawHeader, debug_getRawReceipts, debug_getRawTransaction, debug_verbosity, debug_setHead
[11-28|12:39:01] INFO Started JSON RPC Server address=http://127.0.0.1:8546 namespaces=eth,web3,net,admin,txpool,debug
[11-28|12:39:01] DEBUG Methods available at address=http://127.0.0.1:8546 namespaces=eth,web3,net,admin,txpool,debug methods=eth_blockNumber,eth_call,eth_chainId,eth_maxPriorityFeePerGas,eth_estimateGas,eth_getBalance,eth_coinbase,eth_getBlockByHash,eth_getBlockByNumber,eth_getBlockTransactionCountByHash,eth_getCode,eth_getStorageAt,eth_getTransactionByBlockHashAndIndex,eth_getTransactionByBlockNumberAndIndex,eth_getTransactionByHash,eth_getTransactionCount,eth_protocolVersion,eth_getUncleCountByBlockNumber,eth_getBlockReceipts,eth_getTransactionReceipt,eth_getLogs,eth_sendRawTransaction,eth_getProof,eth_syncing,eth_getBlockTransactionCountByNumber,eth_gasPrice,eth_feeHistory,eth_blobBaseFee,web3_clientVersion,web3_sha3,net_version,net_listening,net_peerCount,admin_nodeInfo,admin_peers,admin_addPeer,txpool_content,debug_traceTransaction,debug_traceCall,debug_storageRangeAt,debug_getRawBlock,debug_getRawHeader,debug_getRawReceipts,debug_getRawTransaction,debug_verbosity,debug_setHead
[11-28|12:39:01] DEBUG RPC Initialized eth_blockNumber, eth_call, eth_chainId, eth_maxPriorityFeePerGas, eth_estimateGas, eth_getBalance, eth_coinbase, eth_getBlockByHash, eth_getBlockByNumber, eth_getBlockTransactionCountByHash, eth_getCode, eth_getStorageAt, eth_getTransactionByBlockHashAndIndex, eth_getTransactionByBlockNumberAndIndex, eth_getTransactionByHash, eth_getTransactionCount, eth_protocolVersion, eth_getUncleCountByBlockNumber, eth_getBlockReceipts, eth_getTransactionReceipt, eth_getLogs, eth_sendRawTransaction, eth_getProof, eth_syncing, eth_getBlockTransactionCountByNumber, eth_gasPrice, eth_feeHistory, eth_blobBaseFee, web3_clientVersion, web3_sha3, net_version, net_listening, net_peerCount, admin_nodeInfo, admin_peers, admin_addPeer, txpool_content, debug_traceTransaction, debug_traceCall, debug_storageRangeAt, debug_getRawBlock, debug_getRawHeader, debug_getRawReceipts, debug_getRawTransaction, debug_verbosity, debug_setHead
[11-28|12:39:01] DEBUG RPC Initialized engine_initValidators, engine_newPayload, engine_newPayloadV1, engine_newPayloadV2, engine_newPayloadV3, engine_newPayloadV4, engine_forkchoiceUpdated, engine_forkchoiceUpdatedV1, engine_forkchoiceUpdatedV2, engine_forkchoiceUpdatedV3, engine_getPayload, engine_getPayloadV1, engine_getPayloadV2, engine_getPayloadV3, engine_getPayloadV4, engine_getPayloadV5, engine_exchangeCapabilities, engine_getPayloadBodiesByHashV1, engine_getPayloadBodiesByRangeV1, engine_getBlobsV1, engine_getBlobsV2
[11-28|12:39:01] INFO Started JSON RPC server address=http://127.0.0.1:8552 namespaces=eth,engine rpcEngineAuth=true
[11-28|12:39:01] DEBUG Methods available at address=http://127.0.0.1:8552 namespaces=eth,engine methods=eth_blockNumber,eth_call,eth_chainId,eth_getCode,eth_getBlockByHash,eth_getBlockByNumber,eth_getLogs,eth_sendRawTransaction,eth_syncing,engine_initValidators,engine_newPayload,engine_newPayloadV1,engine_newPayloadV2,engine_newPayloadV3,engine_newPayloadV4,engine_forkchoiceUpdated,engine_forkchoiceUpdatedV1,engine_forkchoiceUpdatedV2,engine_forkchoiceUpdatedV3,engine_getPayload,engine_getPayloadV1,engine_getPayloadV2,engine_getPayloadV3,engine_getPayloadV4,engine_getPayloadV5,engine_exchangeCapabilities,engine_getPayloadBodiesByHashV1,engine_getPayloadBodiesByRangeV1,engine_getBlobsV1,engine_getBlobsV2
[11-28|12:39:01] INFO ---------------------------
[11-28|12:39:01] INFO Client started successfully
[11-28|12:39:01] INFO ---------------------------
[11-28|12:39:01] INFO Executed blocks count=1 first=11 hash=0x3596…5a42 td=25 baseFee=7 hardfork=london last=12 hash=0x7a8f…afa6 txs=0
[11-28|12:39:01] DEBUG Peer connected: id=873944b5 address=127.0.0.1:8000 transport=rlpx protocols=eth,snap inbound=true
[11-28|12:39:01] DEBUG Found full peer: id=873944b5 address=127.0.0.1:8000 transport=rlpx protocols=eth,snap inbound=true
[11-28|12:39:01] DEBUG Peer added: id=873944b5 address=127.0.0.1:8000 transport=rlpx protocols=eth,snap inbound=true
[11-28|12:39:06] INFO New sync target height=13 hash=0xfcf5b78bd52f79e2224c6cb9e3c0daa7dcfacca13fbaf85b13…
[11-28|12:39:06] INFO --------------------------------------------------------
[11-28|12:39:06] INFO Synchronized blockchain at height=13 hash=0xfcf5…c480 🎉
[11-28|12:39:06] INFO --------------------------------------------------------
[11-28|12:39:06] DEBUG Finishing up sync with the current fetcher  height=13
[11-28|12:39:06] DEBUG Client synchronized=true height=13 syncTargetHeight=13 lastSyncDate=9.948 secs ago
[11-28|12:39:06] INFO Imported blocks count=13 first=1 last=13 hash=0x8c9e…8f7b baseFee=7 hardfork=london peers=1
[11-28|12:39:06] INFO ---------------
[11-28|12:39:06] INFO TxPool started.
[11-28|12:39:06] INFO ---------------
[11-28|12:39:06] DEBUG Running execution startHeadBlock=12 canonicalHead=13 loop=true
[11-28|12:39:06] INFO Executed blocks count=1 first=12 hash=0x7a8f…afa6 td=27 baseFee=7 hardfork=london last=13 hash=0xfcf5…c480 txs=0
[11-28|12:39:07] DEBUG Running execution startHeadBlock=13 canonicalHead=14 loop=true
[11-28|12:39:07] INFO Executed blocks count=1 first=13 hash=0xfcf5…c480 td=29 baseFee=7 hardfork=london last=14 hash=0x0c09…a631 txs=0
[11-28|12:39:14] DEBUG Fetcher finished fetching...
[11-28|12:39:14] DEBUG Finishing up sync with the current fetcher 
[11-28|12:39:14] DEBUG Waiting for best peer (attempt #1)
[11-28|12:39:17] DEBUG Finishing up sync with the current fetcher  height=15
[11-28|12:39:17] DEBUG Running execution startHeadBlock=14 canonicalHead=15 loop=true
[11-28|12:39:17] INFO Executed blocks count=1 first=14 hash=0x0c09…a631 td=31 baseFee=7 hardfork=london last=15 hash=0xe020…32ec txs=0
[11-28|12:39:19] DEBUG Waiting for best peer (attempt #2)
[11-28|12:39:24] DEBUG Waiting for best peer (attempt #3)
[11-28|12:39:25] DEBUG Waiting for best peer (attempt #1)
[11-28|12:39:27] DEBUG Finishing up sync with the current fetcher  height=16
[11-28|12:39:27] DEBUG Running execution startHeadBlock=15 canonicalHead=16 loop=true
[11-28|12:39:27] INFO Executed blocks count=1 first=15 hash=0xe020…32ec td=33 baseFee=7 hardfork=london last=16 hash=0x2d90…09ef txs=0
[11-28|12:39:29] DEBUG Waiting for best peer (attempt #4)
[11-28|12:39:30] DEBUG Waiting for best peer (attempt #2)
[11-28|12:39:31] INFO Memory stats usage=61 MB percentage=1%
[11-28|12:39:34] DEBUG Waiting for best peer (attempt #5)
[11-28|12:39:35] DEBUG Waiting for best peer (attempt #3)
[11-28|12:39:35] DEBUG Waiting for best peer (attempt #1)
[11-28|12:39:37] DEBUG Finishing up sync with the current fetcher  height=17
[11-28|12:39:37] DEBUG Running execution startHeadBlock=16 canonicalHead=17 loop=true
[11-28|12:39:37] INFO Executed blocks count=1 first=16 hash=0x2d90…09ef td=35 baseFee=7 hardfork=london last=17 hash=0x2838…e8b2 txs=0
[11-28|12:39:39] DEBUG Waiting for best peer (attempt #6)
[11-28|12:39:40] DEBUG Waiting for best peer (attempt #4)
[11-28|12:39:40] DEBUG Waiting for best peer (attempt #2)
[11-28|12:39:40] INFO Caught interrupt signal. Obtaining client handle for clean shutdown...
[11-28|12:39:40] INFO (This might take a little longer if client not yet fully started)
[11-28|12:39:40] INFO Shutting down the client and the servers...
[11-28|12:39:40] INFO TxPool stopped.
[11-28|12:39:40] INFO Caught interrupt signal. Obtaining client handle for clean shutdown...
[11-28|12:39:40] INFO (This might take a little longer if client not yet fully started)
[11-28|12:39:40] INFO Shutting down the client and the servers...
[11-28|12:39:41] INFO Caught interrupt signal. Obtaining client handle for clean shutdown...
[11-28|12:39:41] INFO (This might take a little longer if client not yet fully started)
[11-28|12:39:41] INFO Shutting down the client and the servers...
[11-28|12:39:41] INFO Caught interrupt signal. Obtaining client handle for clean shutdown...
[11-28|12:39:41] INFO (This might take a little longer if client not yet fully started)
[11-28|12:39:41] INFO Shutting down the client and the servers...
[11-28|12:39:41] INFO Caught interrupt signal. Obtaining client handle for clean shutdown...
[11-28|12:39:41] INFO (This might take a little longer if client not yet fully started)
[11-28|12:39:41] INFO Shutting down the client and the servers...
[11-28|12:39:41] INFO Caught interrupt signal. Obtaining client handle for clean shutdown...
[11-28|12:39:41] INFO (This might take a little longer if client not yet fully started)
[11-28|12:39:41] INFO Shutting down the client and the servers...
[11-28|12:39:41] INFO Caught interrupt signal. Obtaining client handle for clean shutdown...
[11-28|12:39:41] INFO (This might take a little longer if client not yet fully started)
[11-28|12:39:41] INFO Shutting down the client and the servers...
[11-28|12:39:41] INFO Caught interrupt signal. Obtaining client handle for clean shutdown...
[11-28|12:39:41] INFO (This might take a little longer if client not yet fully started)
[11-28|12:39:41] INFO Shutting down the client and the servers...
[11-28|12:39:42] INFO Caught interrupt signal. Obtaining client handle for clean shutdown...
[11-28|12:39:42] INFO (This might take a little longer if client not yet fully started)
[11-28|12:39:42] INFO Shutting down the client and the servers...
[11-28|12:39:42] INFO Caught interrupt signal. Obtaining client handle for clean shutdown...
[11-28|12:39:42] INFO (This might take a little longer if client not yet fully started)
[11-28|12:39:42] INFO Shutting down the client and the servers...
[11-28|12:39:44] DEBUG Waiting for best peer (attempt #7)
[11-28|12:39:45] DEBUG Waiting for best peer (attempt #1)
[11-28|12:39:45] DEBUG Waiting for best peer (attempt #5)
[11-28|12:39:45] DEBUG Waiting for best peer (attempt #3)
[11-28|12:39:47] DEBUG Finishing up sync with the current fetcher  height=18
[11-28|12:39:48] INFO Stopped synchronization.
[11-28|12:39:48] INFO Stopped execution.
[11-28|12:39:48] INFO Stopped eth service.
[11-28|12:40:27] INFO Starting Metrics Server on port 9001
[11-28|12:40:27] INFO Sync Mode full
[11-28|12:40:27] INFO Reading custom genesis state accounts=1
[11-28|12:40:27] INFO Data directory: ./data/node2
[11-28|12:40:27] INFO Full sync mode
[11-28|12:40:27] INFO Initializing Ethereumjs client version=vundefined network=devnet chainId=123456
[11-28|12:40:27] INFO Preparing for sync using FullEthereumService with FullSynchronizer.
[11-28|12:40:27] DEBUG Read SYNCING linked=false subchains= reset=false el=18 hash=0x2a6a…9a48
[11-28|12:40:27] INFO Latest local block number=18 td=37 hash=0x2a6a…9a48 hardfork=london
[11-28|12:40:27] INFO Initializing VM merkle statemanager genesis hardfork=london
[11-28|12:40:27] INFO Setting up merkleVM
[11-28|12:40:27] INFO Initializing account cache size=400000
[11-28|12:40:27] INFO Initializing storage cache size=200000
[11-28|12:40:27] INFO Initializing code cache size=200000
[11-28|12:40:27] INFO Initializing trie cache size=200000
[11-28|12:40:28] INFO Setup EVM execution.
[11-28|12:40:28] INFO Setup networking and services.
[11-28|12:40:28] DEBUG Waiting for best peer (attempt #1)
[11-28|12:40:28] INFO Started eth service.
[11-28|12:40:28] INFO Starting execution run vmHead=17 canonicalHead=18 hardfork=london execution=true
[11-28|12:40:28] INFO Started rlpx server maxPeers=25
[11-28|12:40:28] INFO Started discovery service discV4=true dns=false refreshInterval=30000
[11-28|12:40:28] DEBUG Running execution startHeadBlock=17 canonicalHead=18 loop=true
[11-28|12:40:28] DEBUG Running execution startHeadBlock=17 canonicalHead=18 loop=true
[11-28|12:40:28] INFO Server listener up transport=rlpx url=enode://27d0e5bfbfee4b87f4a6201a58ad02f9f48ddb5294d1a3e236aac87895e3af06208a2f12f90cd391d88609325ea227a80e76beb41fda7209b3915b211ea2999d@127.0.0.1:8001
[11-28|12:40:28] INFO Executed blocks count=1 first=17 hash=0x2838…e8b2 td=37 baseFee=7 hardfork=london last=18 hash=0x2a6a…9a48 txs=0
[11-28|12:40:28] INFO Using Engine API with JWT token authentication path=./data/node2/jwtsecret
[11-28|12:40:28] DEBUG RPC Initialized eth_blockNumber, eth_call, eth_chainId, eth_maxPriorityFeePerGas, eth_estimateGas, eth_getBalance, eth_coinbase, eth_getBlockByHash, eth_getBlockByNumber, eth_getBlockTransactionCountByHash, eth_getCode, eth_getStorageAt, eth_getTransactionByBlockHashAndIndex, eth_getTransactionByBlockNumberAndIndex, eth_getTransactionByHash, eth_getTransactionCount, eth_protocolVersion, eth_getUncleCountByBlockNumber, eth_getBlockReceipts, eth_getTransactionReceipt, eth_getLogs, eth_sendRawTransaction, eth_getProof, eth_syncing, eth_getBlockTransactionCountByNumber, eth_gasPrice, eth_feeHistory, eth_blobBaseFee, web3_clientVersion, web3_sha3, net_version, net_listening, net_peerCount, admin_nodeInfo, admin_peers, admin_addPeer, txpool_content, debug_traceTransaction, debug_traceCall, debug_storageRangeAt, debug_getRawBlock, debug_getRawHeader, debug_getRawReceipts, debug_getRawTransaction, debug_verbosity, debug_setHead
[11-28|12:40:28] INFO Started JSON RPC Server address=http://127.0.0.1:8546 namespaces=eth,web3,net,admin,txpool,debug
[11-28|12:40:28] DEBUG Methods available at address=http://127.0.0.1:8546 namespaces=eth,web3,net,admin,txpool,debug methods=eth_blockNumber,eth_call,eth_chainId,eth_maxPriorityFeePerGas,eth_estimateGas,eth_getBalance,eth_coinbase,eth_getBlockByHash,eth_getBlockByNumber,eth_getBlockTransactionCountByHash,eth_getCode,eth_getStorageAt,eth_getTransactionByBlockHashAndIndex,eth_getTransactionByBlockNumberAndIndex,eth_getTransactionByHash,eth_getTransactionCount,eth_protocolVersion,eth_getUncleCountByBlockNumber,eth_getBlockReceipts,eth_getTransactionReceipt,eth_getLogs,eth_sendRawTransaction,eth_getProof,eth_syncing,eth_getBlockTransactionCountByNumber,eth_gasPrice,eth_feeHistory,eth_blobBaseFee,web3_clientVersion,web3_sha3,net_version,net_listening,net_peerCount,admin_nodeInfo,admin_peers,admin_addPeer,txpool_content,debug_traceTransaction,debug_traceCall,debug_storageRangeAt,debug_getRawBlock,debug_getRawHeader,debug_getRawReceipts,debug_getRawTransaction,debug_verbosity,debug_setHead
[11-28|12:40:28] DEBUG RPC Initialized eth_blockNumber, eth_call, eth_chainId, eth_maxPriorityFeePerGas, eth_estimateGas, eth_getBalance, eth_coinbase, eth_getBlockByHash, eth_getBlockByNumber, eth_getBlockTransactionCountByHash, eth_getCode, eth_getStorageAt, eth_getTransactionByBlockHashAndIndex, eth_getTransactionByBlockNumberAndIndex, eth_getTransactionByHash, eth_getTransactionCount, eth_protocolVersion, eth_getUncleCountByBlockNumber, eth_getBlockReceipts, eth_getTransactionReceipt, eth_getLogs, eth_sendRawTransaction, eth_getProof, eth_syncing, eth_getBlockTransactionCountByNumber, eth_gasPrice, eth_feeHistory, eth_blobBaseFee, web3_clientVersion, web3_sha3, net_version, net_listening, net_peerCount, admin_nodeInfo, admin_peers, admin_addPeer, txpool_content, debug_traceTransaction, debug_traceCall, debug_storageRangeAt, debug_getRawBlock, debug_getRawHeader, debug_getRawReceipts, debug_getRawTransaction, debug_verbosity, debug_setHead
[11-28|12:40:28] DEBUG RPC Initialized engine_initValidators, engine_newPayload, engine_newPayloadV1, engine_newPayloadV2, engine_newPayloadV3, engine_newPayloadV4, engine_forkchoiceUpdated, engine_forkchoiceUpdatedV1, engine_forkchoiceUpdatedV2, engine_forkchoiceUpdatedV3, engine_getPayload, engine_getPayloadV1, engine_getPayloadV2, engine_getPayloadV3, engine_getPayloadV4, engine_getPayloadV5, engine_exchangeCapabilities, engine_getPayloadBodiesByHashV1, engine_getPayloadBodiesByRangeV1, engine_getBlobsV1, engine_getBlobsV2
[11-28|12:40:28] INFO Started JSON RPC server address=http://127.0.0.1:8552 namespaces=eth,engine rpcEngineAuth=true
[11-28|12:40:28] DEBUG Methods available at address=http://127.0.0.1:8552 namespaces=eth,engine methods=eth_blockNumber,eth_call,eth_chainId,eth_getCode,eth_getBlockByHash,eth_getBlockByNumber,eth_getLogs,eth_sendRawTransaction,eth_syncing,engine_initValidators,engine_newPayload,engine_newPayloadV1,engine_newPayloadV2,engine_newPayloadV3,engine_newPayloadV4,engine_forkchoiceUpdated,engine_forkchoiceUpdatedV1,engine_forkchoiceUpdatedV2,engine_forkchoiceUpdatedV3,engine_getPayload,engine_getPayloadV1,engine_getPayloadV2,engine_getPayloadV3,engine_getPayloadV4,engine_getPayloadV5,engine_exchangeCapabilities,engine_getPayloadBodiesByHashV1,engine_getPayloadBodiesByRangeV1,engine_getBlobsV1,engine_getBlobsV2
[11-28|12:40:28] INFO ---------------------------
[11-28|12:40:28] INFO Client started successfully
[11-28|12:40:28] INFO ---------------------------
[11-28|12:40:28] DEBUG Peer connected: id=665eef41 address=127.0.0.1:8000 transport=rlpx protocols=eth,snap inbound=true
[11-28|12:40:28] DEBUG Found full peer: id=665eef41 address=127.0.0.1:8000 transport=rlpx protocols=eth,snap inbound=true
[11-28|12:40:28] DEBUG Peer added: id=665eef41 address=127.0.0.1:8000 transport=rlpx protocols=eth,snap inbound=true
[11-28|12:40:33] INFO New sync target height=20 hash=0xec76a028e97f03e69616af962c075f3f1cf1fb3114255c8f9b…
[11-28|12:40:33] INFO --------------------------------------------------------
[11-28|12:40:33] INFO Synchronized blockchain at height=20 hash=0xec76…6d49 🎉
[11-28|12:40:33] INFO --------------------------------------------------------
[11-28|12:40:33] DEBUG Finishing up sync with the current fetcher  height=20
[11-28|12:40:33] DEBUG Client synchronized=true height=20 syncTargetHeight=20 lastSyncDate=8.2 secs ago
[11-28|12:40:33] INFO Imported blocks count=20 first=1 last=20 hash=0x8c9e…8f7b baseFee=7 hardfork=london peers=1
[11-28|12:40:33] INFO ---------------
[11-28|12:40:33] INFO TxPool started.
[11-28|12:40:33] INFO ---------------
[11-28|12:40:33] DEBUG Running execution startHeadBlock=18 canonicalHead=20 loop=true
[11-28|12:40:33] INFO Executed blocks count=2 first=18 hash=0x2a6a…9a48 td=41 baseFee=7 hardfork=london last=20 hash=0xec76…6d49 txs=0
[11-28|12:40:35] DEBUG Running execution startHeadBlock=20 canonicalHead=21 loop=true
[11-28|12:40:35] INFO Executed blocks count=1 first=20 hash=0xec76…6d49 td=43 baseFee=7 hardfork=london last=21 hash=0x71c3…8b8f txs=0
[11-28|12:40:41] DEBUG Fetcher finished fetching...
[11-28|12:40:41] DEBUG Finishing up sync with the current fetcher 
[11-28|12:40:41] DEBUG Waiting for best peer (attempt #1)
[11-28|12:40:45] DEBUG Finishing up sync with the current fetcher  height=22
[11-28|12:40:45] DEBUG Running execution startHeadBlock=21 canonicalHead=22 loop=true
[11-28|12:40:45] INFO Executed blocks count=1 first=21 hash=0x71c3…8b8f td=45 baseFee=7 hardfork=london last=22 hash=0xce41…d7ca txs=0
[11-28|12:40:46] DEBUG Waiting for best peer (attempt #2)
[11-28|12:40:51] DEBUG Waiting for best peer (attempt #3)
[11-28|12:40:53] DEBUG Waiting for best peer (attempt #1)
[11-28|12:40:55] DEBUG Finishing up sync with the current fetcher  height=23
[11-28|12:40:55] DEBUG Running execution startHeadBlock=22 canonicalHead=23 loop=true
[11-28|12:40:55] INFO Executed blocks count=1 first=22 hash=0xce41…d7ca td=47 baseFee=7 hardfork=london last=23 hash=0x4a6f…7a26 txs=0
[11-28|12:40:56] DEBUG Waiting for best peer (attempt #4)
[11-28|12:40:58] DEBUG Waiting for best peer (attempt #2)
[11-28|12:40:58] INFO Memory stats usage=61 MB percentage=1%
[11-28|12:41:01] DEBUG Waiting for best peer (attempt #5)
[11-28|12:41:03] DEBUG Waiting for best peer (attempt #3)
[11-28|12:41:03] DEBUG Waiting for best peer (attempt #1)
[11-28|12:41:05] DEBUG Finishing up sync with the current fetcher  height=24
[11-28|12:41:05] DEBUG Running execution startHeadBlock=23 canonicalHead=24 loop=true
[11-28|12:41:05] INFO Executed blocks count=1 first=23 hash=0x4a6f…7a26 td=49 baseFee=7 hardfork=london last=24 hash=0x009b…a578 txs=0
[11-28|12:41:06] DEBUG Waiting for best peer (attempt #6)
[11-28|12:41:08] DEBUG Waiting for best peer (attempt #4)
[11-28|12:41:08] DEBUG Waiting for best peer (attempt #2)
[11-28|12:41:11] DEBUG Waiting for best peer (attempt #7)
[11-28|12:41:13] DEBUG Waiting for best peer (attempt #5)
[11-28|12:41:13] DEBUG Waiting for best peer (attempt #3)
[11-28|12:41:13] DEBUG Waiting for best peer (attempt #1)
[11-28|12:41:15] DEBUG Finishing up sync with the current fetcher  height=25
[11-28|12:41:15] DEBUG Running execution startHeadBlock=24 canonicalHead=25 loop=true
[11-28|12:41:15] INFO Executed blocks count=1 first=24 hash=0x009b…a578 td=51 baseFee=7 hardfork=london last=25 hash=0x4ddd…ec36 txs=0
[11-28|12:41:16] DEBUG Waiting for best peer (attempt #8)
[11-28|12:41:18] DEBUG Waiting for best peer (attempt #6)
[11-28|12:41:18] DEBUG Waiting for best peer (attempt #4)
[11-28|12:41:18] DEBUG Waiting for best peer (attempt #2)
[11-28|12:41:21] DEBUG Waiting for best peer (attempt #9)
[11-28|12:41:23] DEBUG Waiting for best peer (attempt #1)
[11-28|12:41:23] DEBUG Waiting for best peer (attempt #7)
[11-28|12:41:23] DEBUG Waiting for best peer (attempt #5)
[11-28|12:41:23] DEBUG Waiting for best peer (attempt #3)
[11-28|12:41:25] DEBUG Finishing up sync with the current fetcher  height=26
[11-28|12:41:25] DEBUG Running execution startHeadBlock=25 canonicalHead=26 loop=true
[11-28|12:41:25] INFO Executed blocks count=1 first=25 hash=0x4ddd…ec36 td=53 baseFee=7 hardfork=london last=26 hash=0x0c43…df04 txs=0
[11-28|12:41:26] DEBUG Waiting for best peer (attempt #10)
[11-28|12:41:28] DEBUG Memory stats usage=63 MB percentage=1%
[11-28|12:41:28] DEBUG Waiting for best peer (attempt #2)
[11-28|12:41:28] DEBUG Waiting for best peer (attempt #8)
[11-28|12:41:28] DEBUG Waiting for best peer (attempt #6)
[11-28|12:41:28] DEBUG Waiting for best peer (attempt #4)
[11-28|12:41:31] DEBUG Waiting for best peer (attempt #11)
[11-28|12:41:33] DEBUG Waiting for best peer (attempt #1)
[11-28|12:41:33] DEBUG Waiting for best peer (attempt #3)
[11-28|12:41:33] DEBUG Waiting for best peer (attempt #9)
[11-28|12:41:33] DEBUG Waiting for best peer (attempt #7)
[11-28|12:41:33] DEBUG Waiting for best peer (attempt #5)
[11-28|12:41:35] DEBUG Finishing up sync with the current fetcher  height=27
[11-28|12:41:35] DEBUG Running execution startHeadBlock=26 canonicalHead=27 loop=true
[11-28|12:41:35] INFO Executed blocks count=1 first=26 hash=0x0c43…df04 td=55 baseFee=7 hardfork=london last=27 hash=0xf452…6fbb txs=0
[11-28|12:41:36] DEBUG Waiting for best peer (attempt #12)
[11-28|12:41:38] DEBUG Waiting for best peer (attempt #2)
[11-28|12:41:38] DEBUG Waiting for best peer (attempt #4)
[11-28|12:41:38] DEBUG Waiting for best peer (attempt #10)
[11-28|12:41:38] DEBUG Waiting for best peer (attempt #8)
[11-28|12:41:38] DEBUG Waiting for best peer (attempt #6)
[11-28|12:41:41] DEBUG Waiting for best peer (attempt #13)
[11-28|12:41:43] DEBUG Waiting for best peer (attempt #1)
[11-28|12:41:43] DEBUG Waiting for best peer (attempt #3)
[11-28|12:41:43] DEBUG Waiting for best peer (attempt #5)
[11-28|12:41:43] DEBUG Waiting for best peer (attempt #11)
[11-28|12:41:43] DEBUG Waiting for best peer (attempt #9)
[11-28|12:41:43] DEBUG Waiting for best peer (attempt #7)
[11-28|12:41:45] DEBUG Finishing up sync with the current fetcher  height=28
[11-28|12:41:45] DEBUG Running execution startHeadBlock=27 canonicalHead=28 loop=true
[11-28|12:41:45] INFO Executed blocks count=1 first=27 hash=0xf452…6fbb td=57 baseFee=7 hardfork=london last=28 hash=0x1cbe…b4b2 txs=0
[11-28|12:41:46] DEBUG Waiting for best peer (attempt #14)
[11-28|12:41:48] DEBUG Waiting for best peer (attempt #2)
[11-28|12:41:48] DEBUG Waiting for best peer (attempt #4)
[11-28|12:41:48] DEBUG Waiting for best peer (attempt #6)
[11-28|12:41:48] DEBUG Waiting for best peer (attempt #12)
[11-28|12:41:48] DEBUG Waiting for best peer (attempt #10)
[11-28|12:41:48] DEBUG Waiting for best peer (attempt #8)
[11-28|12:41:51] DEBUG Waiting for best peer (attempt #15)
[11-28|12:41:53] DEBUG Waiting for best peer (attempt #1)
[11-28|12:41:53] DEBUG Waiting for best peer (attempt #3)
[11-28|12:41:53] DEBUG Waiting for best peer (attempt #5)
[11-28|12:41:53] DEBUG Waiting for best peer (attempt #7)
[11-28|12:41:53] DEBUG Waiting for best peer (attempt #13)
[11-28|12:41:53] DEBUG Waiting for best peer (attempt #11)
[11-28|12:41:53] DEBUG Waiting for best peer (attempt #9)
[11-28|12:41:55] DEBUG Finishing up sync with the current fetcher  height=29
[11-28|12:41:55] DEBUG Running execution startHeadBlock=28 canonicalHead=29 loop=true
[11-28|12:41:55] INFO Executed blocks count=1 first=28 hash=0x1cbe…b4b2 td=59 baseFee=7 hardfork=london last=29 hash=0x4592…694c txs=0
[11-28|12:41:56] DEBUG Waiting for best peer (attempt #16)
[11-28|12:41:58] DEBUG Waiting for best peer (attempt #2)
[11-28|12:41:58] DEBUG Waiting for best peer (attempt #4)
[11-28|12:41:58] DEBUG Memory stats usage=63 MB percentage=1%
[11-28|12:41:58] DEBUG Waiting for best peer (attempt #6)
[11-28|12:41:58] DEBUG Waiting for best peer (attempt #8)
[11-28|12:41:58] DEBUG Waiting for best peer (attempt #14)
[11-28|12:41:58] DEBUG Waiting for best peer (attempt #12)
[11-28|12:41:58] DEBUG Waiting for best peer (attempt #10)
[11-28|12:42:01] DEBUG Waiting for best peer (attempt #17)
[11-28|12:42:03] DEBUG Waiting for best peer (attempt #1)
[11-28|12:42:03] DEBUG Waiting for best peer (attempt #3)
[11-28|12:42:03] DEBUG Waiting for best peer (attempt #5)
[11-28|12:42:03] DEBUG Waiting for best peer (attempt #7)
[11-28|12:42:03] DEBUG Waiting for best peer (attempt #9)
[11-28|12:42:03] DEBUG Waiting for best peer (attempt #15)
[11-28|12:42:03] DEBUG Waiting for best peer (attempt #13)
[11-28|12:42:03] DEBUG Waiting for best peer (attempt #11)
[11-28|12:42:05] DEBUG Finishing up sync with the current fetcher  height=30
[11-28|12:42:05] DEBUG Running execution startHeadBlock=29 canonicalHead=30 loop=true
[11-28|12:42:05] INFO Executed blocks count=1 first=29 hash=0x4592…694c td=61 baseFee=7 hardfork=london last=30 hash=0x8cd6…e810 txs=0
[11-28|12:42:06] DEBUG Waiting for best peer (attempt #18)
[11-28|12:42:08] DEBUG Waiting for best peer (attempt #2)
[11-28|12:42:08] DEBUG Waiting for best peer (attempt #4)
[11-28|12:42:08] DEBUG Waiting for best peer (attempt #6)
[11-28|12:42:08] DEBUG Waiting for best peer (attempt #8)
[11-28|12:42:08] DEBUG Waiting for best peer (attempt #10)
[11-28|12:42:08] DEBUG Waiting for best peer (attempt #16)
[11-28|12:42:08] DEBUG Waiting for best peer (attempt #14)
[11-28|12:42:08] DEBUG Waiting for best peer (attempt #12)
[11-28|12:42:11] DEBUG Waiting for best peer (attempt #19)
[11-28|12:42:13] DEBUG Waiting for best peer (attempt #3)
[11-28|12:42:13] DEBUG Waiting for best peer (attempt #1)
[11-28|12:42:13] DEBUG Waiting for best peer (attempt #5)
[11-28|12:42:13] DEBUG Waiting for best peer (attempt #7)
[11-28|12:42:13] DEBUG Waiting for best peer (attempt #9)
[11-28|12:42:13] DEBUG Waiting for best peer (attempt #11)
[11-28|12:42:13] INFO TxPool Statistics txs=0 senders=0 peers=1
[11-28|12:42:13] INFO TxPool Statistics broadcasts=0/tx/peer broadcasterrors=0/tx/peer knownpeers=0 since minutes=20
[11-28|12:42:13] INFO TxPool Statistics successfuladds=0 failedadds=0 since minutes=60
[11-28|12:42:13] DEBUG Waiting for best peer (attempt #17)
[11-28|12:42:13] DEBUG Waiting for best peer (attempt #15)
[11-28|12:42:13] DEBUG Waiting for best peer (attempt #13)
[11-28|12:42:15] DEBUG Finishing up sync with the current fetcher  height=31
[11-28|12:42:15] DEBUG Running execution startHeadBlock=30 canonicalHead=31 loop=true
[11-28|12:42:15] INFO Executed blocks count=1 first=30 hash=0x8cd6…e810 td=63 baseFee=7 hardfork=london last=31 hash=0x7404…9ae4 txs=0
[11-28|12:42:16] DEBUG Waiting for best peer (attempt #20)
[11-28|12:42:18] DEBUG Waiting for best peer (attempt #4)
[11-28|12:42:18] DEBUG Waiting for best peer (attempt #2)
[11-28|12:42:18] DEBUG Waiting for best peer (attempt #6)
[11-28|12:42:18] DEBUG Waiting for best peer (attempt #8)
[11-28|12:42:18] DEBUG Waiting for best peer (attempt #10)
[11-28|12:42:18] DEBUG Waiting for best peer (attempt #12)
[11-28|12:42:18] DEBUG Waiting for best peer (attempt #18)
[11-28|12:42:18] DEBUG Waiting for best peer (attempt #16)
[11-28|12:42:18] DEBUG Waiting for best peer (attempt #14)
[11-28|12:42:21] DEBUG Waiting for best peer (attempt #21)
[11-28|12:42:23] DEBUG Waiting for best peer (attempt #5)
[11-28|12:42:23] DEBUG Waiting for best peer (attempt #1)
[11-28|12:42:23] DEBUG Waiting for best peer (attempt #3)
[11-28|12:42:23] DEBUG Waiting for best peer (attempt #7)
[11-28|12:42:23] DEBUG Waiting for best peer (attempt #9)
[11-28|12:42:23] DEBUG Waiting for best peer (attempt #11)
[11-28|12:42:23] DEBUG Waiting for best peer (attempt #13)
[11-28|12:42:23] DEBUG Waiting for best peer (attempt #19)
[11-28|12:42:23] DEBUG Waiting for best peer (attempt #17)
[11-28|12:42:23] DEBUG Waiting for best peer (attempt #15)
[11-28|12:42:25] DEBUG Finishing up sync with the current fetcher  height=32
[11-28|12:42:25] DEBUG Running execution startHeadBlock=31 canonicalHead=32 loop=true
[11-28|12:42:25] INFO Executed blocks count=1 first=31 hash=0x7404…9ae4 td=65 baseFee=7 hardfork=london last=32 hash=0xc347…d748 txs=0
[11-28|12:42:26] DEBUG Waiting for best peer (attempt #22)
[11-28|12:42:28] DEBUG Memory stats usage=64 MB percentage=1%
[11-28|12:42:28] DEBUG Waiting for best peer (attempt #6)
[11-28|12:42:28] DEBUG Waiting for best peer (attempt #2)
[11-28|12:42:28] DEBUG Waiting for best peer (attempt #4)
[11-28|12:42:28] DEBUG Waiting for best peer (attempt #8)
[11-28|12:42:28] DEBUG Waiting for best peer (attempt #10)
[11-28|12:42:28] DEBUG Waiting for best peer (attempt #12)
[11-28|12:42:28] DEBUG Waiting for best peer (attempt #14)
[11-28|12:42:28] DEBUG Waiting for best peer (attempt #20)
[11-28|12:42:28] DEBUG Waiting for best peer (attempt #18)
[11-28|12:42:28] DEBUG Waiting for best peer (attempt #16)
[11-28|12:42:31] DEBUG Waiting for best peer (attempt #23)
[11-28|12:42:33] DEBUG Waiting for best peer (attempt #1)
[11-28|12:42:33] DEBUG Waiting for best peer (attempt #7)
[11-28|12:42:33] DEBUG Waiting for best peer (attempt #3)
[11-28|12:42:33] DEBUG Waiting for best peer (attempt #5)
[11-28|12:42:33] DEBUG Waiting for best peer (attempt #9)
[11-28|12:42:33] DEBUG Waiting for best peer (attempt #11)
[11-28|12:42:33] DEBUG Waiting for best peer (attempt #13)
[11-28|12:42:33] DEBUG Waiting for best peer (attempt #15)
[11-28|12:42:33] DEBUG Waiting for best peer (attempt #21)
[11-28|12:42:33] DEBUG Waiting for best peer (attempt #19)
[11-28|12:42:33] DEBUG Waiting for best peer (attempt #17)
[11-28|12:42:35] DEBUG Finishing up sync with the current fetcher  height=33
[11-28|12:42:35] DEBUG Running execution startHeadBlock=32 canonicalHead=33 loop=true
[11-28|12:42:35] INFO Executed blocks count=1 first=32 hash=0xc347…d748 td=67 baseFee=7 hardfork=london last=33 hash=0xa1e6…035d txs=0
[11-28|12:42:36] DEBUG Waiting for best peer (attempt #24)
[11-28|12:42:38] DEBUG Waiting for best peer (attempt #2)
[11-28|12:42:38] DEBUG Waiting for best peer (attempt #8)
[11-28|12:42:38] DEBUG Waiting for best peer (attempt #4)
[11-28|12:42:38] DEBUG Waiting for best peer (attempt #6)
[11-28|12:42:38] DEBUG Waiting for best peer (attempt #10)
[11-28|12:42:38] DEBUG Waiting for best peer (attempt #12)
[11-28|12:42:38] DEBUG Waiting for best peer (attempt #14)
[11-28|12:42:38] DEBUG Waiting for best peer (attempt #16)
[11-28|12:42:38] DEBUG Waiting for best peer (attempt #22)
[11-28|12:42:38] DEBUG Waiting for best peer (attempt #20)
[11-28|12:42:38] DEBUG Waiting for best peer (attempt #18)
[11-28|12:42:41] DEBUG Waiting for best peer (attempt #25)
[11-28|12:42:43] DEBUG Waiting for best peer (attempt #1)
[11-28|12:42:43] DEBUG Waiting for best peer (attempt #3)
[11-28|12:42:43] DEBUG Waiting for best peer (attempt #9)
[11-28|12:42:43] DEBUG Waiting for best peer (attempt #5)
[11-28|12:42:43] DEBUG Waiting for best peer (attempt #7)
[11-28|12:42:43] DEBUG Waiting for best peer (attempt #11)
[11-28|12:42:43] DEBUG Waiting for best peer (attempt #13)
[11-28|12:42:43] DEBUG Waiting for best peer (attempt #15)
[11-28|12:42:43] DEBUG Waiting for best peer (attempt #17)
[11-28|12:42:43] DEBUG Waiting for best peer (attempt #23)
[11-28|12:42:43] DEBUG Waiting for best peer (attempt #21)
[11-28|12:42:43] DEBUG Waiting for best peer (attempt #19)
[11-28|12:42:45] DEBUG Finishing up sync with the current fetcher  height=34
[11-28|12:42:45] DEBUG Running execution startHeadBlock=33 canonicalHead=34 loop=true
[11-28|12:42:45] INFO Executed blocks count=1 first=33 hash=0xa1e6…035d td=69 baseFee=7 hardfork=london last=34 hash=0x012e…cf40 txs=0
[11-28|12:42:46] DEBUG Waiting for best peer (attempt #26)
[11-28|12:42:48] DEBUG Waiting for best peer (attempt #2)
[11-28|12:42:48] DEBUG Waiting for best peer (attempt #4)
[11-28|12:42:48] DEBUG Waiting for best peer (attempt #10)
[11-28|12:42:48] DEBUG Waiting for best peer (attempt #6)
[11-28|12:42:48] DEBUG Waiting for best peer (attempt #8)
[11-28|12:42:48] DEBUG Waiting for best peer (attempt #12)
[11-28|12:42:48] DEBUG Waiting for best peer (attempt #14)
[11-28|12:42:48] DEBUG Waiting for best peer (attempt #16)
[11-28|12:42:48] DEBUG Waiting for best peer (attempt #18)
[11-28|12:42:48] DEBUG Waiting for best peer (attempt #24)
[11-28|12:42:48] DEBUG Waiting for best peer (attempt #22)
[11-28|12:42:48] DEBUG Waiting for best peer (attempt #20)
[11-28|12:42:51] DEBUG Waiting for best peer (attempt #27)
[11-28|12:42:53] DEBUG Waiting for best peer (attempt #3)
[11-28|12:42:53] DEBUG Waiting for best peer (attempt #5)
[11-28|12:42:53] DEBUG Waiting for best peer (attempt #1)
[11-28|12:42:53] DEBUG Waiting for best peer (attempt #11)
[11-28|12:42:53] DEBUG Waiting for best peer (attempt #7)
[11-28|12:42:53] DEBUG Waiting for best peer (attempt #9)
[11-28|12:42:53] DEBUG Waiting for best peer (attempt #13)
[11-28|12:42:53] DEBUG Waiting for best peer (attempt #15)
[11-28|12:42:53] DEBUG Waiting for best peer (attempt #17)
[11-28|12:42:53] DEBUG Waiting for best peer (attempt #19)
[11-28|12:42:53] DEBUG Waiting for best peer (attempt #25)
[11-28|12:42:53] DEBUG Waiting for best peer (attempt #23)
[11-28|12:42:53] DEBUG Waiting for best peer (attempt #21)
[11-28|12:42:55] DEBUG Finishing up sync with the current fetcher  height=35
[11-28|12:42:55] DEBUG Running execution startHeadBlock=34 canonicalHead=35 loop=true
[11-28|12:42:55] INFO Executed blocks count=1 first=34 hash=0x012e…cf40 td=71 baseFee=7 hardfork=london last=35 hash=0x2bfc…fa4d txs=0
[11-28|12:42:56] DEBUG Waiting for best peer (attempt #28)
[11-28|12:42:58] DEBUG Waiting for best peer (attempt #4)
[11-28|12:42:58] DEBUG Waiting for best peer (attempt #6)
[11-28|12:42:58] DEBUG Waiting for best peer (attempt #2)
[11-28|12:42:58] INFO Memory stats usage=65 MB percentage=1%
[11-28|12:42:58] DEBUG Waiting for best peer (attempt #12)
[11-28|12:42:58] DEBUG Waiting for best peer (attempt #8)
[11-28|12:42:58] DEBUG Waiting for best peer (attempt #10)
[11-28|12:42:58] DEBUG Waiting for best peer (attempt #14)
[11-28|12:42:58] DEBUG Waiting for best peer (attempt #16)
[11-28|12:42:58] DEBUG Waiting for best peer (attempt #18)
[11-28|12:42:58] DEBUG Waiting for best peer (attempt #20)
[11-28|12:42:58] DEBUG Waiting for best peer (attempt #26)
[11-28|12:42:58] DEBUG Waiting for best peer (attempt #24)
[11-28|12:42:58] DEBUG Waiting for best peer (attempt #22)
[11-28|12:43:01] DEBUG Waiting for best peer (attempt #29)
[11-28|12:43:03] DEBUG Waiting for best peer (attempt #5)
[11-28|12:43:03] DEBUG Waiting for best peer (attempt #1)
[11-28|12:43:03] DEBUG Waiting for best peer (attempt #7)
[11-28|12:43:03] DEBUG Waiting for best peer (attempt #3)
[11-28|12:43:03] DEBUG Waiting for best peer (attempt #13)
[11-28|12:43:03] DEBUG Waiting for best peer (attempt #9)
[11-28|12:43:03] DEBUG Waiting for best peer (attempt #11)
[11-28|12:43:03] DEBUG Waiting for best peer (attempt #15)
[11-28|12:43:03] DEBUG Waiting for best peer (attempt #17)
[11-28|12:43:03] DEBUG Waiting for best peer (attempt #19)
[11-28|12:43:03] DEBUG Waiting for best peer (attempt #21)
[11-28|12:43:03] DEBUG Waiting for best peer (attempt #27)
[11-28|12:43:03] DEBUG Waiting for best peer (attempt #25)
[11-28|12:43:03] DEBUG Waiting for best peer (attempt #23)
[11-28|12:43:05] DEBUG Finishing up sync with the current fetcher  height=36
[11-28|12:43:05] DEBUG Running execution startHeadBlock=35 canonicalHead=36 loop=true
[11-28|12:43:05] INFO Executed blocks count=1 first=35 hash=0x2bfc…fa4d td=73 baseFee=7 hardfork=london last=36 hash=0x38d7…e411 txs=0
[11-28|12:43:06] DEBUG Waiting for best peer (attempt #30)
[11-28|12:43:08] DEBUG Waiting for best peer (attempt #6)
[11-28|12:43:08] DEBUG Waiting for best peer (attempt #2)
[11-28|12:43:08] DEBUG Waiting for best peer (attempt #8)
[11-28|12:43:08] DEBUG Waiting for best peer (attempt #4)
[11-28|12:43:08] DEBUG Waiting for best peer (attempt #14)
[11-28|12:43:08] DEBUG Waiting for best peer (attempt #10)
[11-28|12:43:08] DEBUG Waiting for best peer (attempt #12)
[11-28|12:43:08] DEBUG Waiting for best peer (attempt #16)
[11-28|12:43:08] DEBUG Waiting for best peer (attempt #18)
[11-28|12:43:08] DEBUG Waiting for best peer (attempt #20)
[11-28|12:43:08] DEBUG Waiting for best peer (attempt #22)
[11-28|12:43:08] DEBUG Waiting for best peer (attempt #28)
[11-28|12:43:08] DEBUG Waiting for best peer (attempt #26)
[11-28|12:43:08] DEBUG Waiting for best peer (attempt #24)
[11-28|12:43:11] DEBUG Waiting for best peer (attempt #31)
[11-28|12:43:13] DEBUG Waiting for best peer (attempt #1)
[11-28|12:43:13] DEBUG Waiting for best peer (attempt #7)
[11-28|12:43:13] DEBUG Waiting for best peer (attempt #3)
[11-28|12:43:13] DEBUG Waiting for best peer (attempt #9)
[11-28|12:43:13] DEBUG Waiting for best peer (attempt #5)
[11-28|12:43:13] DEBUG Waiting for best peer (attempt #15)
[11-28|12:43:13] DEBUG Waiting for best peer (attempt #11)
[11-28|12:43:13] DEBUG Waiting for best peer (attempt #13)
[11-28|12:43:13] DEBUG Waiting for best peer (attempt #17)
[11-28|12:43:13] DEBUG Waiting for best peer (attempt #19)
[11-28|12:43:13] DEBUG Waiting for best peer (attempt #21)
[11-28|12:43:13] DEBUG Waiting for best peer (attempt #23)
[11-28|12:43:13] DEBUG Waiting for best peer (attempt #29)
[11-28|12:43:13] DEBUG Waiting for best peer (attempt #27)
[11-28|12:43:13] DEBUG Waiting for best peer (attempt #25)
[11-28|12:43:15] DEBUG Finishing up sync with the current fetcher  height=37
[11-28|12:43:15] DEBUG Running execution startHeadBlock=36 canonicalHead=37 loop=true
[11-28|12:43:15] INFO Executed blocks count=1 first=36 hash=0x38d7…e411 td=75 baseFee=7 hardfork=london last=37 hash=0x5e4a…5719 txs=0
[11-28|12:43:16] DEBUG Waiting for best peer (attempt #32)
[11-28|12:43:18] DEBUG Waiting for best peer (attempt #2)
[11-28|12:43:18] DEBUG Waiting for best peer (attempt #8)
[11-28|12:43:18] DEBUG Waiting for best peer (attempt #4)
[11-28|12:43:18] DEBUG Waiting for best peer (attempt #10)
[11-28|12:43:18] DEBUG Waiting for best peer (attempt #6)
[11-28|12:43:18] DEBUG Waiting for best peer (attempt #16)
[11-28|12:43:18] DEBUG Waiting for best peer (attempt #12)
[11-28|12:43:18] DEBUG Waiting for best peer (attempt #14)
[11-28|12:43:18] DEBUG Waiting for best peer (attempt #18)
[11-28|12:43:18] DEBUG Waiting for best peer (attempt #20)
[11-28|12:43:18] DEBUG Waiting for best peer (attempt #22)
[11-28|12:43:18] DEBUG Waiting for best peer (attempt #24)
[11-28|12:43:18] DEBUG Waiting for best peer (attempt #30)
[11-28|12:43:18] DEBUG Waiting for best peer (attempt #28)
[11-28|12:43:18] DEBUG Waiting for best peer (attempt #26)
[11-28|12:43:21] DEBUG Waiting for best peer (attempt #33)
[11-28|12:43:23] DEBUG Waiting for best peer (attempt #1)
[11-28|12:43:23] DEBUG Waiting for best peer (attempt #3)
[11-28|12:43:23] DEBUG Waiting for best peer (attempt #9)
[11-28|12:43:23] DEBUG Waiting for best peer (attempt #5)
[11-28|12:43:23] DEBUG Waiting for best peer (attempt #11)
[11-28|12:43:23] DEBUG Waiting for best peer (attempt #7)
[11-28|12:43:23] DEBUG Waiting for best peer (attempt #17)
[11-28|12:43:23] DEBUG Waiting for best peer (attempt #13)
[11-28|12:43:23] DEBUG Waiting for best peer (attempt #15)
[11-28|12:43:23] DEBUG Waiting for best peer (attempt #19)
[11-28|12:43:23] DEBUG Waiting for best peer (attempt #21)
[11-28|12:43:23] DEBUG Waiting for best peer (attempt #23)
[11-28|12:43:23] DEBUG Waiting for best peer (attempt #25)
[11-28|12:43:23] DEBUG Waiting for best peer (attempt #31)
[11-28|12:43:23] DEBUG Waiting for best peer (attempt #29)
[11-28|12:43:23] DEBUG Waiting for best peer (attempt #27)
[11-28|12:43:25] DEBUG Finishing up sync with the current fetcher  height=38
[11-28|12:43:25] DEBUG Running execution startHeadBlock=37 canonicalHead=38 loop=true
[11-28|12:43:25] INFO Executed blocks count=1 first=37 hash=0x5e4a…5719 td=77 baseFee=7 hardfork=london last=38 hash=0xda6c…770e txs=0
[11-28|12:43:26] DEBUG Waiting for best peer (attempt #34)
[11-28|12:43:28] DEBUG Waiting for best peer (attempt #2)
[11-28|12:43:28] DEBUG Waiting for best peer (attempt #4)
[11-28|12:43:28] DEBUG Waiting for best peer (attempt #10)
[11-28|12:43:28] DEBUG Waiting for best peer (attempt #6)
[11-28|12:43:28] DEBUG Waiting for best peer (attempt #12)
[11-28|12:43:28] DEBUG Waiting for best peer (attempt #8)
[11-28|12:43:28] DEBUG Memory stats usage=65 MB percentage=2%
[11-28|12:43:28] DEBUG Waiting for best peer (attempt #18)
[11-28|12:43:28] DEBUG Waiting for best peer (attempt #14)
[11-28|12:43:28] DEBUG Waiting for best peer (attempt #16)
[11-28|12:43:28] DEBUG Waiting for best peer (attempt #20)
[11-28|12:43:28] DEBUG Waiting for best peer (attempt #22)
[11-28|12:43:28] DEBUG Waiting for best peer (attempt #24)
[11-28|12:43:28] DEBUG Waiting for best peer (attempt #26)
[11-28|12:43:28] DEBUG Waiting for best peer (attempt #32)
[11-28|12:43:28] DEBUG Waiting for best peer (attempt #30)
[11-28|12:43:28] DEBUG Waiting for best peer (attempt #28)
[11-28|12:43:31] DEBUG Waiting for best peer (attempt #35)
[11-28|12:43:33] DEBUG Waiting for best peer (attempt #1)
[11-28|12:43:33] DEBUG Waiting for best peer (attempt #3)
[11-28|12:43:33] DEBUG Waiting for best peer (attempt #5)
[11-28|12:43:33] DEBUG Waiting for best peer (attempt #11)
[11-28|12:43:33] DEBUG Waiting for best peer (attempt #7)
[11-28|12:43:33] DEBUG Waiting for best peer (attempt #13)
[11-28|12:43:33] DEBUG Waiting for best peer (attempt #9)
[11-28|12:43:33] DEBUG Waiting for best peer (attempt #19)
[11-28|12:43:33] DEBUG Waiting for best peer (attempt #15)
[11-28|12:43:33] DEBUG Waiting for best peer (attempt #17)
[11-28|12:43:33] DEBUG Waiting for best peer (attempt #21)
[11-28|12:43:33] DEBUG Waiting for best peer (attempt #23)
[11-28|12:43:33] DEBUG Waiting for best peer (attempt #25)
[11-28|12:43:33] DEBUG Waiting for best peer (attempt #27)
[11-28|12:43:33] DEBUG Waiting for best peer (attempt #33)
[11-28|12:43:33] DEBUG Waiting for best peer (attempt #31)
[11-28|12:43:33] DEBUG Waiting for best peer (attempt #29)
[11-28|12:43:35] DEBUG Finishing up sync with the current fetcher  height=39
[11-28|12:43:35] DEBUG Running execution startHeadBlock=38 canonicalHead=39 loop=true
[11-28|12:43:35] INFO Executed blocks count=1 first=38 hash=0xda6c…770e td=79 baseFee=7 hardfork=london last=39 hash=0x66e9…53fb txs=0
[11-28|12:43:36] DEBUG Waiting for best peer (attempt #36)
[11-28|12:43:38] DEBUG Waiting for best peer (attempt #2)
[11-28|12:43:38] DEBUG Waiting for best peer (attempt #4)
[11-28|12:43:38] DEBUG Waiting for best peer (attempt #6)
[11-28|12:43:38] DEBUG Waiting for best peer (attempt #12)
[11-28|12:43:38] DEBUG Waiting for best peer (attempt #8)
[11-28|12:43:38] DEBUG Waiting for best peer (attempt #14)
[11-28|12:43:38] DEBUG Waiting for best peer (attempt #10)
[11-28|12:43:38] DEBUG Waiting for best peer (attempt #20)
[11-28|12:43:38] DEBUG Waiting for best peer (attempt #16)
[11-28|12:43:38] DEBUG Waiting for best peer (attempt #18)
[11-28|12:43:38] DEBUG Waiting for best peer (attempt #22)
[11-28|12:43:38] DEBUG Waiting for best peer (attempt #24)
[11-28|12:43:38] DEBUG Waiting for best peer (attempt #26)
[11-28|12:43:38] DEBUG Waiting for best peer (attempt #28)
[11-28|12:43:38] DEBUG Waiting for best peer (attempt #34)
[11-28|12:43:38] DEBUG Waiting for best peer (attempt #32)
[11-28|12:43:38] DEBUG Waiting for best peer (attempt #30)
[11-28|12:43:41] DEBUG Waiting for best peer (attempt #37)
[11-28|12:43:43] DEBUG Waiting for best peer (attempt #1)
[11-28|12:43:43] DEBUG Waiting for best peer (attempt #3)
[11-28|12:43:43] DEBUG Waiting for best peer (attempt #5)
[11-28|12:43:43] DEBUG Waiting for best peer (attempt #7)
[11-28|12:43:43] DEBUG Waiting for best peer (attempt #13)
[11-28|12:43:43] DEBUG Waiting for best peer (attempt #9)
[11-28|12:43:43] DEBUG Waiting for best peer (attempt #15)
[11-28|12:43:43] DEBUG Waiting for best peer (attempt #11)
[11-28|12:43:43] DEBUG Waiting for best peer (attempt #21)
[11-28|12:43:43] DEBUG Waiting for best peer (attempt #17)
[11-28|12:43:43] DEBUG Waiting for best peer (attempt #19)
[11-28|12:43:43] DEBUG Waiting for best peer (attempt #23)
[11-28|12:43:43] DEBUG Waiting for best peer (attempt #25)
[11-28|12:43:43] DEBUG Waiting for best peer (attempt #27)
[11-28|12:43:43] DEBUG Waiting for best peer (attempt #29)
[11-28|12:43:43] DEBUG Waiting for best peer (attempt #35)
[11-28|12:43:43] DEBUG Waiting for best peer (attempt #33)
[11-28|12:43:43] DEBUG Waiting for best peer (attempt #31)
[11-28|12:43:45] DEBUG Finishing up sync with the current fetcher  height=40
[11-28|12:43:45] DEBUG Running execution startHeadBlock=39 canonicalHead=40 loop=true
[11-28|12:43:45] INFO Executed blocks count=1 first=39 hash=0x66e9…53fb td=81 baseFee=7 hardfork=london last=40 hash=0x4535…3001 txs=0
[11-28|12:43:46] DEBUG Waiting for best peer (attempt #38)
[11-28|12:43:48] DEBUG Waiting for best peer (attempt #2)
[11-28|12:43:48] DEBUG Waiting for best peer (attempt #4)
[11-28|12:43:48] DEBUG Waiting for best peer (attempt #6)
[11-28|12:43:48] DEBUG Waiting for best peer (attempt #8)
[11-28|12:43:48] DEBUG Waiting for best peer (attempt #14)
[11-28|12:43:48] DEBUG Waiting for best peer (attempt #10)
[11-28|12:43:48] DEBUG Waiting for best peer (attempt #16)
[11-28|12:43:48] DEBUG Waiting for best peer (attempt #12)
[11-28|12:43:48] DEBUG Waiting for best peer (attempt #22)
[11-28|12:43:48] DEBUG Waiting for best peer (attempt #18)
[11-28|12:43:48] DEBUG Waiting for best peer (attempt #20)
[11-28|12:43:48] DEBUG Waiting for best peer (attempt #24)
[11-28|12:43:48] DEBUG Waiting for best peer (attempt #26)
[11-28|12:43:48] DEBUG Waiting for best peer (attempt #28)
[11-28|12:43:48] DEBUG Waiting for best peer (attempt #30)
[11-28|12:43:48] DEBUG Waiting for best peer (attempt #36)
[11-28|12:43:48] DEBUG Waiting for best peer (attempt #34)
[11-28|12:43:48] DEBUG Waiting for best peer (attempt #32)
[11-28|12:43:51] DEBUG Waiting for best peer (attempt #39)
[11-28|12:43:53] DEBUG Waiting for best peer (attempt #1)
[11-28|12:43:53] DEBUG Waiting for best peer (attempt #3)
[11-28|12:43:53] DEBUG Waiting for best peer (attempt #5)
[11-28|12:43:53] DEBUG Waiting for best peer (attempt #7)
[11-28|12:43:53] DEBUG Waiting for best peer (attempt #9)
[11-28|12:43:53] DEBUG Waiting for best peer (attempt #15)
[11-28|12:43:53] DEBUG Waiting for best peer (attempt #11)
[11-28|12:43:53] DEBUG Waiting for best peer (attempt #17)
[11-28|12:43:53] DEBUG Waiting for best peer (attempt #13)
[11-28|12:43:53] DEBUG Waiting for best peer (attempt #23)
[11-28|12:43:53] INFO TxPool Statistics txs=0 senders=0 peers=1
[11-28|12:43:53] INFO TxPool Statistics broadcasts=0/tx/peer broadcasterrors=0/tx/peer knownpeers=0 since minutes=20
[11-28|12:43:53] INFO TxPool Statistics successfuladds=0 failedadds=0 since minutes=60
[11-28|12:43:53] DEBUG Waiting for best peer (attempt #19)
[11-28|12:43:53] DEBUG Waiting for best peer (attempt #21)
[11-28|12:43:53] DEBUG Waiting for best peer (attempt #25)
[11-28|12:43:53] DEBUG Waiting for best peer (attempt #27)
[11-28|12:43:53] DEBUG Waiting for best peer (attempt #29)
[11-28|12:43:53] DEBUG Waiting for best peer (attempt #31)
[11-28|12:43:53] DEBUG Waiting for best peer (attempt #37)
[11-28|12:43:53] DEBUG Waiting for best peer (attempt #35)
[11-28|12:43:53] DEBUG Waiting for best peer (attempt #33)
[11-28|12:43:55] DEBUG Finishing up sync with the current fetcher  height=41
[11-28|12:43:55] DEBUG Running execution startHeadBlock=40 canonicalHead=41 loop=true
[11-28|12:43:55] INFO Executed blocks count=1 first=40 hash=0x4535…3001 td=83 baseFee=7 hardfork=london last=41 hash=0x167f…c63b txs=0
[11-28|12:43:56] DEBUG Waiting for best peer (attempt #40)
[11-28|12:43:58] DEBUG Waiting for best peer (attempt #2)
[11-28|12:43:58] DEBUG Waiting for best peer (attempt #4)
[11-28|12:43:58] DEBUG Waiting for best peer (attempt #6)
[11-28|12:43:58] DEBUG Memory stats usage=66 MB percentage=2%
[11-28|12:43:58] DEBUG Waiting for best peer (attempt #8)
[11-28|12:43:58] DEBUG Waiting for best peer (attempt #10)
[11-28|12:43:58] DEBUG Waiting for best peer (attempt #16)
[11-28|12:43:58] DEBUG Waiting for best peer (attempt #12)
[11-28|12:43:58] DEBUG Waiting for best peer (attempt #18)
[11-28|12:43:58] DEBUG Waiting for best peer (attempt #14)
[11-28|12:43:58] DEBUG Waiting for best peer (attempt #24)
[11-28|12:43:58] DEBUG Waiting for best peer (attempt #20)
[11-28|12:43:58] DEBUG Waiting for best peer (attempt #22)
[11-28|12:43:58] DEBUG Waiting for best peer (attempt #26)
[11-28|12:43:58] DEBUG Waiting for best peer (attempt #28)
[11-28|12:43:58] DEBUG Waiting for best peer (attempt #30)
[11-28|12:43:58] DEBUG Waiting for best peer (attempt #32)
[11-28|12:43:58] DEBUG Waiting for best peer (attempt #38)
[11-28|12:43:58] DEBUG Waiting for best peer (attempt #36)
[11-28|12:43:58] DEBUG Waiting for best peer (attempt #34)
[11-28|12:44:01] DEBUG Waiting for best peer (attempt #41)
[11-28|12:44:03] DEBUG Waiting for best peer (attempt #1)
[11-28|12:44:03] DEBUG Waiting for best peer (attempt #3)
[11-28|12:44:03] DEBUG Waiting for best peer (attempt #5)
[11-28|12:44:03] DEBUG Waiting for best peer (attempt #7)
[11-28|12:44:03] DEBUG Waiting for best peer (attempt #9)
[11-28|12:44:03] DEBUG Waiting for best peer (attempt #11)
[11-28|12:44:03] DEBUG Waiting for best peer (attempt #17)
[11-28|12:44:03] DEBUG Waiting for best peer (attempt #13)
[11-28|12:44:03] DEBUG Waiting for best peer (attempt #19)
[11-28|12:44:03] DEBUG Waiting for best peer (attempt #15)
[11-28|12:44:03] DEBUG Waiting for best peer (attempt #25)
[11-28|12:44:03] DEBUG Waiting for best peer (attempt #21)
[11-28|12:44:03] DEBUG Waiting for best peer (attempt #23)
[11-28|12:44:03] DEBUG Waiting for best peer (attempt #27)
[11-28|12:44:03] DEBUG Waiting for best peer (attempt #29)
[11-28|12:44:03] DEBUG Waiting for best peer (attempt #31)
[11-28|12:44:03] DEBUG Waiting for best peer (attempt #33)
[11-28|12:44:03] DEBUG Waiting for best peer (attempt #39)
[11-28|12:44:03] DEBUG Waiting for best peer (attempt #37)
[11-28|12:44:03] DEBUG Waiting for best peer (attempt #35)
[11-28|12:44:05] DEBUG Finishing up sync with the current fetcher  height=42
[11-28|12:44:05] DEBUG Running execution startHeadBlock=41 canonicalHead=42 loop=true
[11-28|12:44:05] INFO Executed blocks count=1 first=41 hash=0x167f…c63b td=85 baseFee=7 hardfork=london last=42 hash=0x03d9…9d58 txs=0
[11-28|12:44:06] DEBUG Waiting for best peer (attempt #42)
[11-28|12:44:08] DEBUG Waiting for best peer (attempt #2)
[11-28|12:44:08] DEBUG Waiting for best peer (attempt #4)
[11-28|12:44:08] DEBUG Waiting for best peer (attempt #6)
[11-28|12:44:08] DEBUG Waiting for best peer (attempt #8)
[11-28|12:44:08] DEBUG Waiting for best peer (attempt #10)
[11-28|12:44:08] DEBUG Waiting for best peer (attempt #12)
[11-28|12:44:08] DEBUG Waiting for best peer (attempt #18)
[11-28|12:44:08] DEBUG Waiting for best peer (attempt #14)
[11-28|12:44:08] DEBUG Waiting for best peer (attempt #20)
[11-28|12:44:08] DEBUG Waiting for best peer (attempt #16)
[11-28|12:44:08] DEBUG Waiting for best peer (attempt #26)
[11-28|12:44:08] DEBUG Waiting for best peer (attempt #22)
[11-28|12:44:08] DEBUG Waiting for best peer (attempt #24)
[11-28|12:44:08] DEBUG Waiting for best peer (attempt #28)
[11-28|12:44:08] DEBUG Waiting for best peer (attempt #30)
[11-28|12:44:08] DEBUG Waiting for best peer (attempt #32)
[11-28|12:44:08] DEBUG Waiting for best peer (attempt #34)
[11-28|12:44:08] DEBUG Waiting for best peer (attempt #40)
[11-28|12:44:08] DEBUG Waiting for best peer (attempt #38)
[11-28|12:44:08] DEBUG Waiting for best peer (attempt #36)
[11-28|12:44:11] DEBUG Waiting for best peer (attempt #43)
[11-28|12:44:13] DEBUG Waiting for best peer (attempt #3)
[11-28|12:44:13] DEBUG Waiting for best peer (attempt #1)
[11-28|12:44:13] DEBUG Waiting for best peer (attempt #5)
[11-28|12:44:13] DEBUG Waiting for best peer (attempt #7)
[11-28|12:44:13] DEBUG Waiting for best peer (attempt #9)
[11-28|12:44:13] DEBUG Waiting for best peer (attempt #11)
[11-28|12:44:13] DEBUG Waiting for best peer (attempt #13)
[11-28|12:44:13] DEBUG Waiting for best peer (attempt #19)
[11-28|12:44:13] DEBUG Waiting for best peer (attempt #15)
[11-28|12:44:13] DEBUG Waiting for best peer (attempt #21)
[11-28|12:44:13] DEBUG Waiting for best peer (attempt #17)
[11-28|12:44:13] DEBUG Waiting for best peer (attempt #27)
[11-28|12:44:13] DEBUG Waiting for best peer (attempt #23)
[11-28|12:44:13] DEBUG Waiting for best peer (attempt #25)
[11-28|12:44:13] DEBUG Waiting for best peer (attempt #29)
[11-28|12:44:13] DEBUG Waiting for best peer (attempt #31)
[11-28|12:44:13] DEBUG Waiting for best peer (attempt #33)
[11-28|12:44:13] DEBUG Waiting for best peer (attempt #35)
[11-28|12:44:13] DEBUG Waiting for best peer (attempt #41)
[11-28|12:44:13] DEBUG Waiting for best peer (attempt #39)
[11-28|12:44:13] DEBUG Waiting for best peer (attempt #37)
[11-28|12:44:15] DEBUG Finishing up sync with the current fetcher  height=43
[11-28|12:44:15] DEBUG Running execution startHeadBlock=42 canonicalHead=43 loop=true
[11-28|12:44:15] INFO Executed blocks count=1 first=42 hash=0x03d9…9d58 td=87 baseFee=7 hardfork=london last=43 hash=0x117b…c335 txs=0
[11-28|12:44:16] DEBUG Waiting for best peer (attempt #44)
[11-28|12:44:18] DEBUG Waiting for best peer (attempt #4)
[11-28|12:44:18] DEBUG Waiting for best peer (attempt #2)
[11-28|12:44:18] DEBUG Waiting for best peer (attempt #6)
[11-28|12:44:18] DEBUG Waiting for best peer (attempt #8)
[11-28|12:44:18] DEBUG Waiting for best peer (attempt #10)
[11-28|12:44:18] DEBUG Waiting for best peer (attempt #12)
[11-28|12:44:18] DEBUG Waiting for best peer (attempt #14)
[11-28|12:44:18] DEBUG Waiting for best peer (attempt #20)
[11-28|12:44:18] DEBUG Waiting for best peer (attempt #16)
[11-28|12:44:18] DEBUG Waiting for best peer (attempt #22)
[11-28|12:44:18] DEBUG Waiting for best peer (attempt #18)
[11-28|12:44:18] DEBUG Waiting for best peer (attempt #28)
[11-28|12:44:18] DEBUG Waiting for best peer (attempt #24)
[11-28|12:44:18] DEBUG Waiting for best peer (attempt #26)
[11-28|12:44:18] DEBUG Waiting for best peer (attempt #30)
[11-28|12:44:18] DEBUG Waiting for best peer (attempt #32)
[11-28|12:44:18] DEBUG Waiting for best peer (attempt #34)
[11-28|12:44:18] DEBUG Waiting for best peer (attempt #36)
[11-28|12:44:18] DEBUG Waiting for best peer (attempt #42)
[11-28|12:44:18] DEBUG Waiting for best peer (attempt #40)
[11-28|12:44:18] DEBUG Waiting for best peer (attempt #38)
[11-28|12:44:21] DEBUG Waiting for best peer (attempt #45)
[11-28|12:44:23] DEBUG Waiting for best peer (attempt #5)
[11-28|12:44:23] DEBUG Waiting for best peer (attempt #3)
[11-28|12:44:23] DEBUG Waiting for best peer (attempt #7)
[11-28|12:44:23] DEBUG Waiting for best peer (attempt #1)
[11-28|12:44:23] DEBUG Waiting for best peer (attempt #9)
[11-28|12:44:23] DEBUG Waiting for best peer (attempt #11)
[11-28|12:44:23] DEBUG Waiting for best peer (attempt #13)
[11-28|12:44:23] DEBUG Waiting for best peer (attempt #15)
[11-28|12:44:23] DEBUG Waiting for best peer (attempt #21)
[11-28|12:44:23] DEBUG Waiting for best peer (attempt #17)
[11-28|12:44:23] DEBUG Waiting for best peer (attempt #23)
[11-28|12:44:23] DEBUG Waiting for best peer (attempt #19)
[11-28|12:44:23] DEBUG Waiting for best peer (attempt #29)
[11-28|12:44:23] DEBUG Waiting for best peer (attempt #25)
[11-28|12:44:23] DEBUG Waiting for best peer (attempt #27)
[11-28|12:44:23] DEBUG Waiting for best peer (attempt #31)
[11-28|12:44:23] DEBUG Waiting for best peer (attempt #33)
[11-28|12:44:23] DEBUG Waiting for best peer (attempt #35)
[11-28|12:44:23] DEBUG Waiting for best peer (attempt #37)
[11-28|12:44:23] DEBUG Waiting for best peer (attempt #43)
[11-28|12:44:23] DEBUG Waiting for best peer (attempt #41)
[11-28|12:44:23] DEBUG Waiting for best peer (attempt #39)
[11-28|12:44:25] DEBUG Finishing up sync with the current fetcher  height=44
[11-28|12:44:25] DEBUG Running execution startHeadBlock=43 canonicalHead=44 loop=true
[11-28|12:44:25] INFO Executed blocks count=1 first=43 hash=0x117b…c335 td=89 baseFee=7 hardfork=london last=44 hash=0xe89f…8c14 txs=0
[11-28|12:44:26] DEBUG Waiting for best peer (attempt #46)
[11-28|12:44:28] DEBUG Waiting for best peer (attempt #6)
[11-28|12:44:28] DEBUG Waiting for best peer (attempt #4)
[11-28|12:44:28] DEBUG Waiting for best peer (attempt #8)
[11-28|12:44:28] DEBUG Waiting for best peer (attempt #2)
[11-28|12:44:28] DEBUG Waiting for best peer (attempt #10)
[11-28|12:44:28] DEBUG Waiting for best peer (attempt #12)
[11-28|12:44:28] DEBUG Memory stats usage=67 MB percentage=2%
[11-28|12:44:28] DEBUG Waiting for best peer (attempt #14)
[11-28|12:44:28] DEBUG Waiting for best peer (attempt #16)
[11-28|12:44:28] DEBUG Waiting for best peer (attempt #22)
[11-28|12:44:28] DEBUG Waiting for best peer (attempt #18)
[11-28|12:44:28] DEBUG Waiting for best peer (attempt #24)
[11-28|12:44:28] DEBUG Waiting for best peer (attempt #20)
[11-28|12:44:28] DEBUG Waiting for best peer (attempt #30)
[11-28|12:44:28] DEBUG Waiting for best peer (attempt #26)
[11-28|12:44:28] DEBUG Waiting for best peer (attempt #28)
[11-28|12:44:28] DEBUG Waiting for best peer (attempt #32)
[11-28|12:44:28] DEBUG Waiting for best peer (attempt #34)
[11-28|12:44:28] DEBUG Waiting for best peer (attempt #36)
[11-28|12:44:28] DEBUG Waiting for best peer (attempt #38)
[11-28|12:44:28] DEBUG Waiting for best peer (attempt #44)
[11-28|12:44:28] DEBUG Waiting for best peer (attempt #42)
[11-28|12:44:28] DEBUG Waiting for best peer (attempt #40)
[11-28|12:44:31] DEBUG Waiting for best peer (attempt #47)
[11-28|12:44:33] DEBUG Waiting for best peer (attempt #7)
[11-28|12:44:33] DEBUG Waiting for best peer (attempt #5)
[11-28|12:44:33] DEBUG Waiting for best peer (attempt #9)
[11-28|12:44:33] DEBUG Waiting for best peer (attempt #3)
[11-28|12:44:33] DEBUG Waiting for best peer (attempt #11)
[11-28|12:44:33] DEBUG Waiting for best peer (attempt #13)
[11-28|12:44:33] DEBUG Waiting for best peer (attempt #1)
[11-28|12:44:33] DEBUG Waiting for best peer (attempt #15)
[11-28|12:44:33] DEBUG Waiting for best peer (attempt #17)
[11-28|12:44:33] DEBUG Waiting for best peer (attempt #23)
[11-28|12:44:33] DEBUG Waiting for best peer (attempt #19)
[11-28|12:44:33] DEBUG Waiting for best peer (attempt #25)
[11-28|12:44:33] DEBUG Waiting for best peer (attempt #21)
[11-28|12:44:33] DEBUG Waiting for best peer (attempt #31)
[11-28|12:44:33] DEBUG Waiting for best peer (attempt #27)
[11-28|12:44:33] DEBUG Waiting for best peer (attempt #29)
[11-28|12:44:33] DEBUG Waiting for best peer (attempt #33)
[11-28|12:44:33] DEBUG Waiting for best peer (attempt #35)
[11-28|12:44:33] DEBUG Waiting for best peer (attempt #37)
[11-28|12:44:33] DEBUG Waiting for best peer (attempt #39)
[11-28|12:44:33] DEBUG Waiting for best peer (attempt #45)
[11-28|12:44:33] DEBUG Waiting for best peer (attempt #43)
[11-28|12:44:33] DEBUG Waiting for best peer (attempt #41)
[11-28|12:44:35] DEBUG Finishing up sync with the current fetcher  height=45
[11-28|12:44:35] DEBUG Running execution startHeadBlock=44 canonicalHead=45 loop=true
[11-28|12:44:35] INFO Executed blocks count=1 first=44 hash=0xe89f…8c14 td=91 baseFee=7 hardfork=london last=45 hash=0x02ea…a544 txs=0
[11-28|12:44:36] DEBUG Waiting for best peer (attempt #48)
[11-28|12:44:38] DEBUG Waiting for best peer (attempt #8)
[11-28|12:44:38] DEBUG Waiting for best peer (attempt #6)
[11-28|12:44:38] DEBUG Waiting for best peer (attempt #10)
[11-28|12:44:38] DEBUG Waiting for best peer (attempt #4)
[11-28|12:44:38] DEBUG Waiting for best peer (attempt #12)
[11-28|12:44:38] DEBUG Waiting for best peer (attempt #14)
[11-28|12:44:38] DEBUG Waiting for best peer (attempt #2)
[11-28|12:44:38] DEBUG Waiting for best peer (attempt #16)
[11-28|12:44:38] DEBUG Waiting for best peer (attempt #18)
[11-28|12:44:38] DEBUG Waiting for best peer (attempt #24)
[11-28|12:44:38] DEBUG Waiting for best peer (attempt #20)
[11-28|12:44:38] DEBUG Waiting for best peer (attempt #26)
[11-28|12:44:38] DEBUG Waiting for best peer (attempt #22)
[11-28|12:44:38] DEBUG Waiting for best peer (attempt #32)
[11-28|12:44:38] DEBUG Waiting for best peer (attempt #28)
[11-28|12:44:38] DEBUG Waiting for best peer (attempt #30)
[11-28|12:44:38] DEBUG Waiting for best peer (attempt #34)
[11-28|12:44:38] DEBUG Waiting for best peer (attempt #36)
[11-28|12:44:38] DEBUG Waiting for best peer (attempt #38)
[11-28|12:44:38] DEBUG Waiting for best peer (attempt #40)
[11-28|12:44:38] DEBUG Waiting for best peer (attempt #46)
[11-28|12:44:38] DEBUG Waiting for best peer (attempt #44)
[11-28|12:44:38] DEBUG Waiting for best peer (attempt #42)
[11-28|12:44:41] DEBUG Waiting for best peer (attempt #49)
[11-28|12:44:43] DEBUG Waiting for best peer (attempt #1)
[11-28|12:44:43] DEBUG Waiting for best peer (attempt #9)
[11-28|12:44:43] DEBUG Waiting for best peer (attempt #7)
[11-28|12:44:43] DEBUG Waiting for best peer (attempt #11)
[11-28|12:44:43] DEBUG Waiting for best peer (attempt #5)
[11-28|12:44:43] DEBUG Waiting for best peer (attempt #13)
[11-28|12:44:43] DEBUG Waiting for best peer (attempt #15)
[11-28|12:44:43] DEBUG Waiting for best peer (attempt #3)
[11-28|12:44:43] DEBUG Waiting for best peer (attempt #17)
[11-28|12:44:43] DEBUG Waiting for best peer (attempt #19)
[11-28|12:44:43] DEBUG Waiting for best peer (attempt #25)
[11-28|12:44:43] DEBUG Waiting for best peer (attempt #21)
[11-28|12:44:43] DEBUG Waiting for best peer (attempt #27)
[11-28|12:44:43] DEBUG Waiting for best peer (attempt #23)
[11-28|12:44:43] DEBUG Waiting for best peer (attempt #33)
[11-28|12:44:43] DEBUG Waiting for best peer (attempt #29)
[11-28|12:44:43] DEBUG Waiting for best peer (attempt #31)
[11-28|12:44:43] DEBUG Waiting for best peer (attempt #35)
[11-28|12:44:43] DEBUG Waiting for best peer (attempt #37)
[11-28|12:44:43] DEBUG Waiting for best peer (attempt #39)
[11-28|12:44:43] DEBUG Waiting for best peer (attempt #41)
[11-28|12:44:43] DEBUG Waiting for best peer (attempt #47)
[11-28|12:44:43] DEBUG Waiting for best peer (attempt #45)
[11-28|12:44:43] DEBUG Waiting for best peer (attempt #43)
[11-28|12:44:45] DEBUG Finishing up sync with the current fetcher  height=46
[11-28|12:44:45] DEBUG Running execution startHeadBlock=45 canonicalHead=46 loop=true
[11-28|12:44:45] INFO Executed blocks count=1 first=45 hash=0x02ea…a544 td=93 baseFee=7 hardfork=london last=46 hash=0x56be…466d txs=0
[11-28|12:44:46] DEBUG Waiting for best peer (attempt #50)
[11-28|12:44:48] DEBUG Waiting for best peer (attempt #2)
[11-28|12:44:48] DEBUG Waiting for best peer (attempt #10)
[11-28|12:44:48] DEBUG Waiting for best peer (attempt #8)
[11-28|12:44:48] DEBUG Waiting for best peer (attempt #12)
[11-28|12:44:48] DEBUG Waiting for best peer (attempt #6)
[11-28|12:44:48] DEBUG Waiting for best peer (attempt #14)
[11-28|12:44:48] DEBUG Waiting for best peer (attempt #16)
[11-28|12:44:48] DEBUG Waiting for best peer (attempt #4)
[11-28|12:44:48] DEBUG Waiting for best peer (attempt #18)
[11-28|12:44:48] DEBUG Waiting for best peer (attempt #20)
[11-28|12:44:48] DEBUG Waiting for best peer (attempt #26)
[11-28|12:44:48] DEBUG Waiting for best peer (attempt #22)
[11-28|12:44:48] DEBUG Waiting for best peer (attempt #28)
[11-28|12:44:48] DEBUG Waiting for best peer (attempt #24)
[11-28|12:44:48] DEBUG Waiting for best peer (attempt #34)
[11-28|12:44:48] DEBUG Waiting for best peer (attempt #30)
[11-28|12:44:48] DEBUG Waiting for best peer (attempt #32)
[11-28|12:44:48] DEBUG Waiting for best peer (attempt #36)
[11-28|12:44:48] DEBUG Waiting for best peer (attempt #38)
[11-28|12:44:48] DEBUG Waiting for best peer (attempt #40)
[11-28|12:44:48] DEBUG Waiting for best peer (attempt #42)
[11-28|12:44:48] DEBUG Waiting for best peer (attempt #48)
[11-28|12:44:48] DEBUG Waiting for best peer (attempt #46)
[11-28|12:44:48] DEBUG Waiting for best peer (attempt #44)
[11-28|12:44:51] DEBUG Waiting for best peer (attempt #51)
[11-28|12:44:53] DEBUG Waiting for best peer (attempt #1)
[11-28|12:44:53] DEBUG Waiting for best peer (attempt #3)
[11-28|12:44:53] DEBUG Waiting for best peer (attempt #11)
[11-28|12:44:53] DEBUG Waiting for best peer (attempt #9)
[11-28|12:44:53] DEBUG Waiting for best peer (attempt #13)
[11-28|12:44:53] DEBUG Waiting for best peer (attempt #7)
[11-28|12:44:53] DEBUG Waiting for best peer (attempt #15)
[11-28|12:44:53] DEBUG Waiting for best peer (attempt #17)
[11-28|12:44:53] DEBUG Waiting for best peer (attempt #5)
[11-28|12:44:53] DEBUG Waiting for best peer (attempt #19)
[11-28|12:44:53] DEBUG Waiting for best peer (attempt #21)
[11-28|12:44:53] DEBUG Waiting for best peer (attempt #27)
[11-28|12:44:53] DEBUG Waiting for best peer (attempt #23)
[11-28|12:44:53] DEBUG Waiting for best peer (attempt #29)
[11-28|12:44:53] DEBUG Waiting for best peer (attempt #25)
[11-28|12:44:53] DEBUG Waiting for best peer (attempt #35)
[11-28|12:44:53] DEBUG Waiting for best peer (attempt #31)
[11-28|12:44:53] DEBUG Waiting for best peer (attempt #33)
[11-28|12:44:53] DEBUG Waiting for best peer (attempt #37)
[11-28|12:44:53] DEBUG Waiting for best peer (attempt #39)
[11-28|12:44:53] DEBUG Waiting for best peer (attempt #41)
[11-28|12:44:53] DEBUG Waiting for best peer (attempt #43)
[11-28|12:44:53] DEBUG Waiting for best peer (attempt #49)
[11-28|12:44:53] DEBUG Waiting for best peer (attempt #47)
[11-28|12:44:53] DEBUG Waiting for best peer (attempt #45)
[11-28|12:44:55] DEBUG Finishing up sync with the current fetcher  height=47
[11-28|12:44:55] DEBUG Running execution startHeadBlock=46 canonicalHead=47 loop=true
[11-28|12:44:55] INFO Executed blocks count=1 first=46 hash=0x56be…466d td=95 baseFee=7 hardfork=london last=47 hash=0xd6aa…3da2 txs=0
[11-28|12:44:56] DEBUG Waiting for best peer (attempt #52)
[11-28|12:44:58] DEBUG Waiting for best peer (attempt #2)
[11-28|12:44:58] DEBUG Waiting for best peer (attempt #4)
[11-28|12:44:58] DEBUG Waiting for best peer (attempt #12)
[11-28|12:44:58] DEBUG Waiting for best peer (attempt #10)
[11-28|12:44:58] DEBUG Waiting for best peer (attempt #14)
[11-28|12:44:58] DEBUG Waiting for best peer (attempt #8)
[11-28|12:44:58] DEBUG Waiting for best peer (attempt #16)
[11-28|12:44:58] DEBUG Waiting for best peer (attempt #18)
[11-28|12:44:58] DEBUG Waiting for best peer (attempt #6)
[11-28|12:44:58] INFO Memory stats usage=68 MB percentage=2%
[11-28|12:44:58] DEBUG Waiting for best peer (attempt #20)
[11-28|12:44:58] DEBUG Waiting for best peer (attempt #22)
[11-28|12:44:58] DEBUG Waiting for best peer (attempt #28)
[11-28|12:44:58] DEBUG Waiting for best peer (attempt #24)
[11-28|12:44:58] DEBUG Waiting for best peer (attempt #30)
[11-28|12:44:58] DEBUG Waiting for best peer (attempt #26)
[11-28|12:44:58] DEBUG Waiting for best peer (attempt #36)
[11-28|12:44:58] DEBUG Waiting for best peer (attempt #32)
[11-28|12:44:58] DEBUG Waiting for best peer (attempt #34)
[11-28|12:44:58] DEBUG Waiting for best peer (attempt #38)
[11-28|12:44:58] DEBUG Waiting for best peer (attempt #40)
[11-28|12:44:58] DEBUG Waiting for best peer (attempt #42)
[11-28|12:44:58] DEBUG Waiting for best peer (attempt #44)
[11-28|12:44:58] DEBUG Waiting for best peer (attempt #50)
[11-28|12:44:58] DEBUG Waiting for best peer (attempt #48)
[11-28|12:44:58] DEBUG Waiting for best peer (attempt #46)
[11-28|12:45:01] DEBUG Waiting for best peer (attempt #53)
[11-28|12:45:03] DEBUG Waiting for best peer (attempt #1)
[11-28|12:45:03] DEBUG Waiting for best peer (attempt #3)
[11-28|12:45:03] DEBUG Waiting for best peer (attempt #5)
[11-28|12:45:03] DEBUG Waiting for best peer (attempt #13)
[11-28|12:45:03] DEBUG Waiting for best peer (attempt #11)
[11-28|12:45:03] DEBUG Waiting for best peer (attempt #15)
[11-28|12:45:03] DEBUG Waiting for best peer (attempt #9)
[11-28|12:45:03] DEBUG Waiting for best peer (attempt #17)
[11-28|12:45:03] DEBUG Waiting for best peer (attempt #19)
[11-28|12:45:03] DEBUG Waiting for best peer (attempt #7)
[11-28|12:45:03] DEBUG Waiting for best peer (attempt #21)
[11-28|12:45:03] DEBUG Waiting for best peer (attempt #23)
[11-28|12:45:03] DEBUG Waiting for best peer (attempt #29)
[11-28|12:45:03] DEBUG Waiting for best peer (attempt #25)
[11-28|12:45:03] DEBUG Waiting for best peer (attempt #31)
[11-28|12:45:03] DEBUG Waiting for best peer (attempt #27)
[11-28|12:45:03] DEBUG Waiting for best peer (attempt #37)
[11-28|12:45:03] DEBUG Waiting for best peer (attempt #33)
[11-28|12:45:03] DEBUG Waiting for best peer (attempt #35)
[11-28|12:45:03] DEBUG Waiting for best peer (attempt #39)
[11-28|12:45:03] DEBUG Waiting for best peer (attempt #41)
[11-28|12:45:03] DEBUG Waiting for best peer (attempt #43)
[11-28|12:45:03] DEBUG Waiting for best peer (attempt #45)
[11-28|12:45:03] DEBUG Waiting for best peer (attempt #51)
[11-28|12:45:03] DEBUG Waiting for best peer (attempt #49)
[11-28|12:45:03] DEBUG Waiting for best peer (attempt #47)
[11-28|12:45:05] DEBUG Finishing up sync with the current fetcher  height=48
[11-28|12:45:05] DEBUG Running execution startHeadBlock=47 canonicalHead=48 loop=true
[11-28|12:45:05] INFO Executed blocks count=1 first=47 hash=0xd6aa…3da2 td=97 baseFee=7 hardfork=london last=48 hash=0x12ee…829a txs=0
[11-28|12:45:06] DEBUG Waiting for best peer (attempt #54)
[11-28|12:45:08] DEBUG Waiting for best peer (attempt #2)
[11-28|12:45:08] DEBUG Waiting for best peer (attempt #4)
[11-28|12:45:08] DEBUG Waiting for best peer (attempt #6)
[11-28|12:45:08] DEBUG Waiting for best peer (attempt #14)
[11-28|12:45:08] DEBUG Waiting for best peer (attempt #12)
[11-28|12:45:08] DEBUG Waiting for best peer (attempt #16)
[11-28|12:45:08] DEBUG Waiting for best peer (attempt #10)
[11-28|12:45:08] DEBUG Waiting for best peer (attempt #18)
[11-28|12:45:08] DEBUG Waiting for best peer (attempt #20)
[11-28|12:45:08] DEBUG Waiting for best peer (attempt #8)
[11-28|12:45:08] DEBUG Waiting for best peer (attempt #22)
[11-28|12:45:08] DEBUG Waiting for best peer (attempt #24)
[11-28|12:45:08] DEBUG Waiting for best peer (attempt #30)
[11-28|12:45:08] DEBUG Waiting for best peer (attempt #26)
[11-28|12:45:08] DEBUG Waiting for best peer (attempt #32)
[11-28|12:45:08] DEBUG Waiting for best peer (attempt #28)
[11-28|12:45:08] DEBUG Waiting for best peer (attempt #38)
[11-28|12:45:08] DEBUG Waiting for best peer (attempt #34)
[11-28|12:45:08] DEBUG Waiting for best peer (attempt #36)
[11-28|12:45:08] DEBUG Waiting for best peer (attempt #40)
[11-28|12:45:08] DEBUG Waiting for best peer (attempt #42)
[11-28|12:45:08] DEBUG Waiting for best peer (attempt #44)
[11-28|12:45:08] DEBUG Waiting for best peer (attempt #46)
[11-28|12:45:08] DEBUG Waiting for best peer (attempt #52)
[11-28|12:45:08] DEBUG Waiting for best peer (attempt #50)
[11-28|12:45:08] DEBUG Waiting for best peer (attempt #48)
[11-28|12:45:11] DEBUG Waiting for best peer (attempt #55)
[11-28|12:45:13] DEBUG Waiting for best peer (attempt #3)
[11-28|12:45:13] DEBUG Waiting for best peer (attempt #5)
[11-28|12:45:13] DEBUG Waiting for best peer (attempt #1)
[11-28|12:45:13] DEBUG Waiting for best peer (attempt #7)
[11-28|12:45:13] DEBUG Waiting for best peer (attempt #15)
[11-28|12:45:13] DEBUG Waiting for best peer (attempt #13)
[11-28|12:45:13] DEBUG Waiting for best peer (attempt #17)
[11-28|12:45:13] DEBUG Waiting for best peer (attempt #11)
[11-28|12:45:13] DEBUG Waiting for best peer (attempt #19)
[11-28|12:45:13] DEBUG Waiting for best peer (attempt #21)
[11-28|12:45:13] DEBUG Waiting for best peer (attempt #9)
[11-28|12:45:13] DEBUG Waiting for best peer (attempt #23)
[11-28|12:45:13] DEBUG Waiting for best peer (attempt #25)
[11-28|12:45:13] DEBUG Waiting for best peer (attempt #31)
[11-28|12:45:13] DEBUG Waiting for best peer (attempt #27)
[11-28|12:45:13] DEBUG Waiting for best peer (attempt #33)
[11-28|12:45:13] DEBUG Waiting for best peer (attempt #29)
[11-28|12:45:13] DEBUG Waiting for best peer (attempt #39)
[11-28|12:45:13] DEBUG Waiting for best peer (attempt #35)
[11-28|12:45:13] DEBUG Waiting for best peer (attempt #37)
[11-28|12:45:13] DEBUG Waiting for best peer (attempt #41)
[11-28|12:45:13] DEBUG Waiting for best peer (attempt #43)
[11-28|12:45:13] DEBUG Waiting for best peer (attempt #45)
[11-28|12:45:13] DEBUG Waiting for best peer (attempt #47)
[11-28|12:45:13] DEBUG Waiting for best peer (attempt #53)
[11-28|12:45:13] DEBUG Waiting for best peer (attempt #51)
[11-28|12:45:13] DEBUG Waiting for best peer (attempt #49)
[11-28|12:45:15] DEBUG Finishing up sync with the current fetcher  height=49
[11-28|12:45:15] DEBUG Running execution startHeadBlock=48 canonicalHead=49 loop=true
[11-28|12:45:15] INFO Executed blocks count=1 first=48 hash=0x12ee…829a td=99 baseFee=7 hardfork=london last=49 hash=0x46a7…c28a txs=0
[11-28|12:45:16] DEBUG Waiting for best peer (attempt #56)
[11-28|12:45:18] DEBUG Waiting for best peer (attempt #4)
[11-28|12:45:18] DEBUG Waiting for best peer (attempt #6)
[11-28|12:45:18] DEBUG Waiting for best peer (attempt #2)
[11-28|12:45:18] DEBUG Waiting for best peer (attempt #8)
[11-28|12:45:18] DEBUG Waiting for best peer (attempt #16)
[11-28|12:45:18] DEBUG Waiting for best peer (attempt #14)
[11-28|12:45:18] DEBUG Waiting for best peer (attempt #18)
[11-28|12:45:18] DEBUG Waiting for best peer (attempt #12)
[11-28|12:45:18] DEBUG Waiting for best peer (attempt #20)
[11-28|12:45:18] DEBUG Waiting for best peer (attempt #22)
[11-28|12:45:18] DEBUG Waiting for best peer (attempt #10)
[11-28|12:45:18] DEBUG Waiting for best peer (attempt #24)
[11-28|12:45:18] DEBUG Waiting for best peer (attempt #26)
[11-28|12:45:18] DEBUG Waiting for best peer (attempt #32)
[11-28|12:45:18] DEBUG Waiting for best peer (attempt #28)
[11-28|12:45:18] DEBUG Waiting for best peer (attempt #34)
[11-28|12:45:18] DEBUG Waiting for best peer (attempt #30)
[11-28|12:45:18] DEBUG Waiting for best peer (attempt #40)
[11-28|12:45:18] DEBUG Waiting for best peer (attempt #36)
[11-28|12:45:18] DEBUG Waiting for best peer (attempt #38)
[11-28|12:45:18] DEBUG Waiting for best peer (attempt #42)
[11-28|12:45:18] DEBUG Waiting for best peer (attempt #44)
[11-28|12:45:18] DEBUG Waiting for best peer (attempt #46)
[11-28|12:45:18] DEBUG Waiting for best peer (attempt #48)
[11-28|12:45:18] DEBUG Waiting for best peer (attempt #54)
[11-28|12:45:18] DEBUG Waiting for best peer (attempt #52)
[11-28|12:45:18] DEBUG Waiting for best peer (attempt #50)
[11-28|12:45:21] DEBUG Waiting for best peer (attempt #57)
[11-28|12:45:23] DEBUG Waiting for best peer (attempt #5)
[11-28|12:45:23] DEBUG Waiting for best peer (attempt #1)
[11-28|12:45:23] DEBUG Waiting for best peer (attempt #7)
[11-28|12:45:23] DEBUG Waiting for best peer (attempt #3)
[11-28|12:45:23] DEBUG Waiting for best peer (attempt #9)
[11-28|12:45:23] DEBUG Waiting for best peer (attempt #17)
[11-28|12:45:23] DEBUG Waiting for best peer (attempt #15)
[11-28|12:45:23] DEBUG Waiting for best peer (attempt #19)
[11-28|12:45:23] DEBUG Waiting for best peer (attempt #13)
[11-28|12:45:23] DEBUG Waiting for best peer (attempt #21)
[11-28|12:45:23] DEBUG Waiting for best peer (attempt #23)
[11-28|12:45:23] DEBUG Waiting for best peer (attempt #11)
[11-28|12:45:23] DEBUG Waiting for best peer (attempt #25)
[11-28|12:45:23] DEBUG Waiting for best peer (attempt #27)
[11-28|12:45:23] DEBUG Waiting for best peer (attempt #33)
[11-28|12:45:23] DEBUG Waiting for best peer (attempt #29)
[11-28|12:45:23] DEBUG Waiting for best peer (attempt #35)
[11-28|12:45:23] DEBUG Waiting for best peer (attempt #31)
[11-28|12:45:23] DEBUG Waiting for best peer (attempt #41)
[11-28|12:45:23] DEBUG Waiting for best peer (attempt #37)
[11-28|12:45:23] DEBUG Waiting for best peer (attempt #39)
[11-28|12:45:23] DEBUG Waiting for best peer (attempt #43)
[11-28|12:45:23] DEBUG Waiting for best peer (attempt #45)
[11-28|12:45:23] DEBUG Waiting for best peer (attempt #47)
[11-28|12:45:23] DEBUG Waiting for best peer (attempt #49)
[11-28|12:45:23] DEBUG Waiting for best peer (attempt #55)
[11-28|12:45:23] DEBUG Waiting for best peer (attempt #53)
[11-28|12:45:23] DEBUG Waiting for best peer (attempt #51)
[11-28|12:45:25] DEBUG Finishing up sync with the current fetcher  height=50
[11-28|12:45:25] DEBUG Running execution startHeadBlock=49 canonicalHead=50 loop=true
[11-28|12:45:25] INFO Executed blocks count=1 first=49 hash=0x46a7…c28a td=101 baseFee=7 hardfork=london last=50 hash=0x0e56…77c5 txs=0
[11-28|12:45:26] DEBUG Waiting for best peer (attempt #58)
[11-28|12:45:28] DEBUG Waiting for best peer (attempt #6)
[11-28|12:45:28] DEBUG Waiting for best peer (attempt #2)
[11-28|12:45:28] DEBUG Waiting for best peer (attempt #8)
[11-28|12:45:28] DEBUG Waiting for best peer (attempt #4)
[11-28|12:45:28] DEBUG Waiting for best peer (attempt #10)
[11-28|12:45:28] DEBUG Waiting for best peer (attempt #18)
[11-28|12:45:28] DEBUG Waiting for best peer (attempt #16)
[11-28|12:45:28] DEBUG Waiting for best peer (attempt #20)
[11-28|12:45:28] DEBUG Waiting for best peer (attempt #14)
[11-28|12:45:28] DEBUG Waiting for best peer (attempt #22)
[11-28|12:45:28] DEBUG Waiting for best peer (attempt #24)
[11-28|12:45:28] DEBUG Waiting for best peer (attempt #12)
[11-28|12:45:28] DEBUG Memory stats usage=68 MB percentage=2%
[11-28|12:45:28] DEBUG Waiting for best peer (attempt #26)
[11-28|12:45:28] DEBUG Waiting for best peer (attempt #28)
[11-28|12:45:28] DEBUG Waiting for best peer (attempt #34)
[11-28|12:45:28] DEBUG Waiting for best peer (attempt #30)
[11-28|12:45:28] DEBUG Waiting for best peer (attempt #36)
[11-28|12:45:28] DEBUG Waiting for best peer (attempt #32)
[11-28|12:45:28] DEBUG Waiting for best peer (attempt #42)
[11-28|12:45:28] DEBUG Waiting for best peer (attempt #38)
[11-28|12:45:28] DEBUG Waiting for best peer (attempt #40)
[11-28|12:45:28] DEBUG Waiting for best peer (attempt #44)
[11-28|12:45:28] DEBUG Waiting for best peer (attempt #46)
[11-28|12:45:28] DEBUG Waiting for best peer (attempt #48)
[11-28|12:45:28] DEBUG Waiting for best peer (attempt #50)
[11-28|12:45:28] DEBUG Waiting for best peer (attempt #56)
[11-28|12:45:28] DEBUG Waiting for best peer (attempt #54)
[11-28|12:45:28] DEBUG Waiting for best peer (attempt #52)
[11-28|12:45:31] DEBUG Waiting for best peer (attempt #59)
[11-28|12:45:33] DEBUG Waiting for best peer (attempt #7)
[11-28|12:45:33] DEBUG Waiting for best peer (attempt #3)
[11-28|12:45:33] DEBUG Waiting for best peer (attempt #9)
[11-28|12:45:33] DEBUG Waiting for best peer (attempt #5)
[11-28|12:45:33] DEBUG Waiting for best peer (attempt #11)
[11-28|12:45:33] DEBUG Waiting for best peer (attempt #19)
[11-28|12:45:33] DEBUG Waiting for best peer (attempt #17)
[11-28|12:45:33] DEBUG Waiting for best peer (attempt #21)
[11-28|12:45:33] DEBUG Waiting for best peer (attempt #15)
[11-28|12:45:33] DEBUG Waiting for best peer (attempt #23)
[11-28|12:45:33] DEBUG Waiting for best peer (attempt #25)
[11-28|12:45:33] DEBUG Waiting for best peer (attempt #1)
[11-28|12:45:33] DEBUG Waiting for best peer (attempt #13)
[11-28|12:45:33] DEBUG Waiting for best peer (attempt #27)
[11-28|12:45:33] DEBUG Waiting for best peer (attempt #29)
[11-28|12:45:33] DEBUG Waiting for best peer (attempt #35)
[11-28|12:45:33] DEBUG Waiting for best peer (attempt #31)
[11-28|12:45:33] DEBUG Waiting for best peer (attempt #37)
[11-28|12:45:33] DEBUG Waiting for best peer (attempt #33)
[11-28|12:45:33] DEBUG Waiting for best peer (attempt #43)
[11-28|12:45:33] INFO TxPool Statistics txs=0 senders=0 peers=1
[11-28|12:45:33] INFO TxPool Statistics broadcasts=0/tx/peer broadcasterrors=0/tx/peer knownpeers=0 since minutes=20
[11-28|12:45:33] INFO TxPool Statistics successfuladds=0 failedadds=0 since minutes=60
[11-28|12:45:33] DEBUG Waiting for best peer (attempt #39)
[11-28|12:45:33] DEBUG Waiting for best peer (attempt #41)
[11-28|12:45:33] DEBUG Waiting for best peer (attempt #45)
[11-28|12:45:33] DEBUG Waiting for best peer (attempt #47)
[11-28|12:45:33] DEBUG Waiting for best peer (attempt #49)
[11-28|12:45:33] DEBUG Waiting for best peer (attempt #51)
[11-28|12:45:33] DEBUG Waiting for best peer (attempt #57)
[11-28|12:45:33] DEBUG Waiting for best peer (attempt #55)
[11-28|12:45:33] DEBUG Waiting for best peer (attempt #53)
[11-28|12:45:35] DEBUG Finishing up sync with the current fetcher  height=51
[11-28|12:45:35] DEBUG Running execution startHeadBlock=50 canonicalHead=51 loop=true
[11-28|12:45:35] INFO Executed blocks count=1 first=50 hash=0x0e56…77c5 td=103 baseFee=7 hardfork=london last=51 hash=0x195a…5fce txs=0
[11-28|12:45:36] DEBUG Waiting for best peer (attempt #60)
[11-28|12:45:38] DEBUG Waiting for best peer (attempt #8)
[11-28|12:45:38] DEBUG Waiting for best peer (attempt #4)
[11-28|12:45:38] DEBUG Waiting for best peer (attempt #10)
[11-28|12:45:38] DEBUG Waiting for best peer (attempt #6)
[11-28|12:45:38] DEBUG Waiting for best peer (attempt #12)
[11-28|12:45:38] DEBUG Waiting for best peer (attempt #20)
[11-28|12:45:38] DEBUG Waiting for best peer (attempt #18)
[11-28|12:45:38] DEBUG Waiting for best peer (attempt #22)
[11-28|12:45:38] DEBUG Waiting for best peer (attempt #16)
[11-28|12:45:38] DEBUG Waiting for best peer (attempt #24)
[11-28|12:45:38] DEBUG Waiting for best peer (attempt #26)
[11-28|12:45:38] DEBUG Waiting for best peer (attempt #2)
[11-28|12:45:38] DEBUG Waiting for best peer (attempt #14)
[11-28|12:45:38] DEBUG Waiting for best peer (attempt #28)
[11-28|12:45:38] DEBUG Waiting for best peer (attempt #30)
[11-28|12:45:38] DEBUG Waiting for best peer (attempt #36)
[11-28|12:45:38] DEBUG Waiting for best peer (attempt #32)
[11-28|12:45:38] DEBUG Waiting for best peer (attempt #38)
[11-28|12:45:38] DEBUG Waiting for best peer (attempt #34)
[11-28|12:45:38] DEBUG Waiting for best peer (attempt #44)
[11-28|12:45:38] DEBUG Waiting for best peer (attempt #40)
[11-28|12:45:38] DEBUG Waiting for best peer (attempt #42)
[11-28|12:45:38] DEBUG Waiting for best peer (attempt #46)
[11-28|12:45:38] DEBUG Waiting for best peer (attempt #48)
[11-28|12:45:38] DEBUG Waiting for best peer (attempt #50)
[11-28|12:45:38] DEBUG Waiting for best peer (attempt #52)
[11-28|12:45:38] DEBUG Waiting for best peer (attempt #58)
[11-28|12:45:38] DEBUG Waiting for best peer (attempt #56)
[11-28|12:45:38] DEBUG Waiting for best peer (attempt #54)
[11-28|12:45:41] DEBUG Waiting for best peer (attempt #61)
[11-28|12:45:43] DEBUG Waiting for best peer (attempt #1)
[11-28|12:45:43] DEBUG Waiting for best peer (attempt #9)
[11-28|12:45:43] DEBUG Waiting for best peer (attempt #5)
[11-28|12:45:43] DEBUG Waiting for best peer (attempt #11)
[11-28|12:45:43] DEBUG Waiting for best peer (attempt #7)
[11-28|12:45:43] DEBUG Waiting for best peer (attempt #13)
[11-28|12:45:43] DEBUG Waiting for best peer (attempt #21)
[11-28|12:45:43] DEBUG Waiting for best peer (attempt #19)
[11-28|12:45:43] DEBUG Waiting for best peer (attempt #23)
[11-28|12:45:43] DEBUG Waiting for best peer (attempt #17)
[11-28|12:45:43] DEBUG Waiting for best peer (attempt #25)
[11-28|12:45:43] DEBUG Waiting for best peer (attempt #27)
[11-28|12:45:43] DEBUG Waiting for best peer (attempt #3)
[11-28|12:45:43] DEBUG Waiting for best peer (attempt #15)
[11-28|12:45:43] DEBUG Waiting for best peer (attempt #29)
[11-28|12:45:43] DEBUG Waiting for best peer (attempt #31)
[11-28|12:45:43] DEBUG Waiting for best peer (attempt #37)
[11-28|12:45:43] DEBUG Waiting for best peer (attempt #33)
[11-28|12:45:43] DEBUG Waiting for best peer (attempt #39)
[11-28|12:45:43] DEBUG Waiting for best peer (attempt #35)
[11-28|12:45:43] DEBUG Waiting for best peer (attempt #45)
[11-28|12:45:43] DEBUG Waiting for best peer (attempt #41)
[11-28|12:45:43] DEBUG Waiting for best peer (attempt #43)
[11-28|12:45:43] DEBUG Waiting for best peer (attempt #47)
[11-28|12:45:43] DEBUG Waiting for best peer (attempt #49)
[11-28|12:45:43] DEBUG Waiting for best peer (attempt #51)
[11-28|12:45:43] DEBUG Waiting for best peer (attempt #53)
[11-28|12:45:43] DEBUG Waiting for best peer (attempt #59)
[11-28|12:45:43] DEBUG Waiting for best peer (attempt #57)
[11-28|12:45:43] DEBUG Waiting for best peer (attempt #55)
[11-28|12:45:45] DEBUG Finishing up sync with the current fetcher  height=52
[11-28|12:45:45] DEBUG Running execution startHeadBlock=51 canonicalHead=52 loop=true
[11-28|12:45:45] INFO Executed blocks count=1 first=51 hash=0x195a…5fce td=105 baseFee=7 hardfork=london last=52 hash=0xd78e…bbdf txs=0
[11-28|12:45:46] DEBUG Waiting for best peer (attempt #62)
[11-28|12:45:48] DEBUG Waiting for best peer (attempt #2)
[11-28|12:45:48] DEBUG Waiting for best peer (attempt #10)
[11-28|12:45:48] DEBUG Waiting for best peer (attempt #6)
[11-28|12:45:48] DEBUG Waiting for best peer (attempt #12)
[11-28|12:45:48] DEBUG Waiting for best peer (attempt #8)
[11-28|12:45:48] DEBUG Waiting for best peer (attempt #14)
[11-28|12:45:48] DEBUG Waiting for best peer (attempt #22)
[11-28|12:45:48] DEBUG Waiting for best peer (attempt #20)
[11-28|12:45:48] DEBUG Waiting for best peer (attempt #24)
[11-28|12:45:48] DEBUG Waiting for best peer (attempt #18)
[11-28|12:45:48] DEBUG Waiting for best peer (attempt #26)
[11-28|12:45:48] DEBUG Waiting for best peer (attempt #28)
[11-28|12:45:48] DEBUG Waiting for best peer (attempt #4)
[11-28|12:45:48] DEBUG Waiting for best peer (attempt #16)
[11-28|12:45:48] DEBUG Waiting for best peer (attempt #30)
[11-28|12:45:48] DEBUG Waiting for best peer (attempt #32)
[11-28|12:45:48] DEBUG Waiting for best peer (attempt #38)
[11-28|12:45:48] DEBUG Waiting for best peer (attempt #34)
[11-28|12:45:48] DEBUG Waiting for best peer (attempt #40)
[11-28|12:45:48] DEBUG Waiting for best peer (attempt #36)
[11-28|12:45:48] DEBUG Waiting for best peer (attempt #46)
[11-28|12:45:48] DEBUG Waiting for best peer (attempt #42)
[11-28|12:45:48] DEBUG Waiting for best peer (attempt #44)
[11-28|12:45:48] DEBUG Waiting for best peer (attempt #48)
[11-28|12:45:48] DEBUG Waiting for best peer (attempt #50)
[11-28|12:45:48] DEBUG Waiting for best peer (attempt #52)
[11-28|12:45:48] DEBUG Waiting for best peer (attempt #54)
[11-28|12:45:48] DEBUG Waiting for best peer (attempt #60)
[11-28|12:45:48] DEBUG Waiting for best peer (attempt #58)
[11-28|12:45:48] DEBUG Waiting for best peer (attempt #56)
[11-28|12:45:51] DEBUG Waiting for best peer (attempt #63)
[11-28|12:45:53] DEBUG Waiting for best peer (attempt #1)
[11-28|12:45:53] DEBUG Waiting for best peer (attempt #3)
[11-28|12:45:53] DEBUG Waiting for best peer (attempt #11)
[11-28|12:45:53] DEBUG Waiting for best peer (attempt #7)
[11-28|12:45:53] DEBUG Waiting for best peer (attempt #13)
[11-28|12:45:53] DEBUG Waiting for best peer (attempt #9)
[11-28|12:45:53] DEBUG Waiting for best peer (attempt #15)
[11-28|12:45:53] DEBUG Waiting for best peer (attempt #23)
[11-28|12:45:53] DEBUG Waiting for best peer (attempt #21)
[11-28|12:45:53] DEBUG Waiting for best peer (attempt #25)
[11-28|12:45:53] DEBUG Waiting for best peer (attempt #19)
[11-28|12:45:53] DEBUG Waiting for best peer (attempt #27)
[11-28|12:45:53] DEBUG Waiting for best peer (attempt #29)
[11-28|12:45:53] DEBUG Waiting for best peer (attempt #5)
[11-28|12:45:53] DEBUG Waiting for best peer (attempt #17)
[11-28|12:45:53] DEBUG Waiting for best peer (attempt #31)
[11-28|12:45:53] DEBUG Waiting for best peer (attempt #33)
[11-28|12:45:53] DEBUG Waiting for best peer (attempt #39)
[11-28|12:45:53] DEBUG Waiting for best peer (attempt #35)
[11-28|12:45:53] DEBUG Waiting for best peer (attempt #41)
[11-28|12:45:53] DEBUG Waiting for best peer (attempt #37)
[11-28|12:45:53] DEBUG Waiting for best peer (attempt #47)
[11-28|12:45:53] DEBUG Waiting for best peer (attempt #43)
[11-28|12:45:53] DEBUG Waiting for best peer (attempt #45)
[11-28|12:45:53] DEBUG Waiting for best peer (attempt #49)
[11-28|12:45:53] DEBUG Waiting for best peer (attempt #51)
[11-28|12:45:53] DEBUG Waiting for best peer (attempt #53)
[11-28|12:45:53] DEBUG Waiting for best peer (attempt #55)
[11-28|12:45:53] DEBUG Waiting for best peer (attempt #61)
[11-28|12:45:53] DEBUG Waiting for best peer (attempt #59)
[11-28|12:45:53] DEBUG Waiting for best peer (attempt #57)
[11-28|12:45:55] DEBUG Finishing up sync with the current fetcher  height=53
[11-28|12:45:55] DEBUG Running execution startHeadBlock=52 canonicalHead=53 loop=true
[11-28|12:45:55] INFO Executed blocks count=1 first=52 hash=0xd78e…bbdf td=107 baseFee=7 hardfork=london last=53 hash=0x1fa0…b49a txs=0
[11-28|12:45:56] DEBUG Waiting for best peer (attempt #64)
[11-28|12:45:58] DEBUG Waiting for best peer (attempt #2)
[11-28|12:45:58] DEBUG Waiting for best peer (attempt #4)
[11-28|12:45:58] DEBUG Waiting for best peer (attempt #12)
[11-28|12:45:58] DEBUG Waiting for best peer (attempt #8)
[11-28|12:45:58] DEBUG Waiting for best peer (attempt #14)
[11-28|12:45:58] DEBUG Waiting for best peer (attempt #10)
[11-28|12:45:58] DEBUG Waiting for best peer (attempt #16)
[11-28|12:45:58] DEBUG Waiting for best peer (attempt #24)
[11-28|12:45:58] DEBUG Waiting for best peer (attempt #22)
[11-28|12:45:58] DEBUG Waiting for best peer (attempt #26)
[11-28|12:45:58] DEBUG Waiting for best peer (attempt #20)
[11-28|12:45:58] DEBUG Waiting for best peer (attempt #28)
[11-28|12:45:58] DEBUG Waiting for best peer (attempt #30)
[11-28|12:45:58] DEBUG Waiting for best peer (attempt #6)
[11-28|12:45:58] DEBUG Waiting for best peer (attempt #18)
[11-28|12:45:58] DEBUG Memory stats usage=62 MB percentage=1%
[11-28|12:45:58] DEBUG Waiting for best peer (attempt #32)
[11-28|12:45:58] DEBUG Waiting for best peer (attempt #34)
[11-28|12:45:58] DEBUG Waiting for best peer (attempt #40)
[11-28|12:45:58] DEBUG Waiting for best peer (attempt #36)
[11-28|12:45:58] DEBUG Waiting for best peer (attempt #42)
[11-28|12:45:58] DEBUG Waiting for best peer (attempt #38)
[11-28|12:45:58] DEBUG Waiting for best peer (attempt #48)
[11-28|12:45:58] DEBUG Waiting for best peer (attempt #44)
[11-28|12:45:58] DEBUG Waiting for best peer (attempt #46)
[11-28|12:45:58] DEBUG Waiting for best peer (attempt #50)
[11-28|12:45:58] DEBUG Waiting for best peer (attempt #52)
[11-28|12:45:58] DEBUG Waiting for best peer (attempt #54)
[11-28|12:45:58] DEBUG Waiting for best peer (attempt #56)
[11-28|12:45:58] DEBUG Waiting for best peer (attempt #62)
[11-28|12:45:58] DEBUG Waiting for best peer (attempt #60)
[11-28|12:45:58] DEBUG Waiting for best peer (attempt #58)
[11-28|12:46:01] DEBUG Waiting for best peer (attempt #65)
[11-28|12:46:03] DEBUG Waiting for best peer (attempt #1)
[11-28|12:46:03] DEBUG Waiting for best peer (attempt #3)
[11-28|12:46:03] DEBUG Waiting for best peer (attempt #5)
[11-28|12:46:03] DEBUG Waiting for best peer (attempt #13)
[11-28|12:46:03] DEBUG Waiting for best peer (attempt #9)
[11-28|12:46:03] DEBUG Waiting for best peer (attempt #15)
[11-28|12:46:03] DEBUG Waiting for best peer (attempt #11)
[11-28|12:46:03] DEBUG Waiting for best peer (attempt #17)
[11-28|12:46:03] DEBUG Waiting for best peer (attempt #25)
[11-28|12:46:03] DEBUG Waiting for best peer (attempt #23)
[11-28|12:46:03] DEBUG Waiting for best peer (attempt #27)
[11-28|12:46:03] DEBUG Waiting for best peer (attempt #21)
[11-28|12:46:03] DEBUG Waiting for best peer (attempt #29)
[11-28|12:46:03] DEBUG Waiting for best peer (attempt #31)
[11-28|12:46:03] DEBUG Waiting for best peer (attempt #7)
[11-28|12:46:03] DEBUG Waiting for best peer (attempt #19)
[11-28|12:46:03] DEBUG Waiting for best peer (attempt #33)
[11-28|12:46:03] DEBUG Waiting for best peer (attempt #35)
[11-28|12:46:03] DEBUG Waiting for best peer (attempt #41)
[11-28|12:46:03] DEBUG Waiting for best peer (attempt #37)
[11-28|12:46:03] DEBUG Waiting for best peer (attempt #43)
[11-28|12:46:03] DEBUG Waiting for best peer (attempt #39)
[11-28|12:46:03] DEBUG Waiting for best peer (attempt #49)
[11-28|12:46:03] DEBUG Waiting for best peer (attempt #45)
[11-28|12:46:03] DEBUG Waiting for best peer (attempt #47)
[11-28|12:46:03] DEBUG Waiting for best peer (attempt #51)
[11-28|12:46:03] DEBUG Waiting for best peer (attempt #53)
[11-28|12:46:03] DEBUG Waiting for best peer (attempt #55)
[11-28|12:46:03] DEBUG Waiting for best peer (attempt #57)
[11-28|12:46:03] DEBUG Waiting for best peer (attempt #63)
[11-28|12:46:03] DEBUG Waiting for best peer (attempt #61)
[11-28|12:46:03] DEBUG Waiting for best peer (attempt #59)
[11-28|12:46:05] DEBUG Finishing up sync with the current fetcher  height=54
[11-28|12:46:05] DEBUG Running execution startHeadBlock=53 canonicalHead=54 loop=true
[11-28|12:46:05] INFO Executed blocks count=1 first=53 hash=0x1fa0…b49a td=109 baseFee=7 hardfork=london last=54 hash=0x4dc0…5aba txs=0
[11-28|12:46:06] DEBUG Waiting for best peer (attempt #66)
[11-28|12:46:08] DEBUG Waiting for best peer (attempt #2)
[11-28|12:46:08] DEBUG Waiting for best peer (attempt #4)
[11-28|12:46:08] DEBUG Waiting for best peer (attempt #6)
[11-28|12:46:08] DEBUG Waiting for best peer (attempt #14)
[11-28|12:46:08] DEBUG Waiting for best peer (attempt #10)
[11-28|12:46:08] DEBUG Waiting for best peer (attempt #16)
[11-28|12:46:08] DEBUG Waiting for best peer (attempt #12)
[11-28|12:46:08] DEBUG Waiting for best peer (attempt #18)
[11-28|12:46:08] DEBUG Waiting for best peer (attempt #26)
[11-28|12:46:08] DEBUG Waiting for best peer (attempt #24)
[11-28|12:46:08] DEBUG Waiting for best peer (attempt #28)
[11-28|12:46:08] DEBUG Waiting for best peer (attempt #22)
[11-28|12:46:08] DEBUG Waiting for best peer (attempt #30)
[11-28|12:46:08] DEBUG Waiting for best peer (attempt #32)
[11-28|12:46:08] DEBUG Waiting for best peer (attempt #8)
[11-28|12:46:08] DEBUG Waiting for best peer (attempt #20)
[11-28|12:46:08] DEBUG Waiting for best peer (attempt #34)
[11-28|12:46:08] DEBUG Waiting for best peer (attempt #36)
[11-28|12:46:08] DEBUG Waiting for best peer (attempt #42)
[11-28|12:46:08] DEBUG Waiting for best peer (attempt #38)
[11-28|12:46:08] DEBUG Waiting for best peer (attempt #44)
[11-28|12:46:08] DEBUG Waiting for best peer (attempt #40)
[11-28|12:46:08] DEBUG Waiting for best peer (attempt #50)
[11-28|12:46:08] DEBUG Waiting for best peer (attempt #46)
[11-28|12:46:08] DEBUG Waiting for best peer (attempt #48)
[11-28|12:46:08] DEBUG Waiting for best peer (attempt #52)
[11-28|12:46:08] DEBUG Waiting for best peer (attempt #54)
[11-28|12:46:08] DEBUG Waiting for best peer (attempt #56)
[11-28|12:46:08] DEBUG Waiting for best peer (attempt #58)
[11-28|12:46:08] DEBUG Waiting for best peer (attempt #64)
[11-28|12:46:08] DEBUG Waiting for best peer (attempt #62)
[11-28|12:46:08] DEBUG Waiting for best peer (attempt #60)
[11-28|12:46:11] DEBUG Waiting for best peer (attempt #67)
[11-28|12:46:13] DEBUG Waiting for best peer (attempt #1)
[11-28|12:46:13] DEBUG Waiting for best peer (attempt #3)
[11-28|12:46:13] DEBUG Waiting for best peer (attempt #5)
[11-28|12:46:13] DEBUG Waiting for best peer (attempt #7)
[11-28|12:46:13] DEBUG Waiting for best peer (attempt #15)
[11-28|12:46:13] DEBUG Waiting for best peer (attempt #11)
[11-28|12:46:13] DEBUG Waiting for best peer (attempt #17)
[11-28|12:46:13] DEBUG Waiting for best peer (attempt #13)
[11-28|12:46:13] DEBUG Waiting for best peer (attempt #19)
[11-28|12:46:13] DEBUG Waiting for best peer (attempt #27)
[11-28|12:46:13] DEBUG Waiting for best peer (attempt #25)
[11-28|12:46:13] DEBUG Waiting for best peer (attempt #29)
[11-28|12:46:13] DEBUG Waiting for best peer (attempt #23)
[11-28|12:46:13] DEBUG Waiting for best peer (attempt #31)
[11-28|12:46:13] DEBUG Waiting for best peer (attempt #33)
[11-28|12:46:13] DEBUG Waiting for best peer (attempt #9)
[11-28|12:46:13] DEBUG Waiting for best peer (attempt #21)
[11-28|12:46:13] DEBUG Waiting for best peer (attempt #35)
[11-28|12:46:13] DEBUG Waiting for best peer (attempt #37)
[11-28|12:46:13] DEBUG Waiting for best peer (attempt #43)
[11-28|12:46:13] DEBUG Waiting for best peer (attempt #39)
[11-28|12:46:13] DEBUG Waiting for best peer (attempt #45)
[11-28|12:46:13] DEBUG Waiting for best peer (attempt #41)
[11-28|12:46:13] DEBUG Waiting for best peer (attempt #51)
[11-28|12:46:13] DEBUG Waiting for best peer (attempt #47)
[11-28|12:46:13] DEBUG Waiting for best peer (attempt #49)
[11-28|12:46:13] DEBUG Waiting for best peer (attempt #53)
[11-28|12:46:13] DEBUG Waiting for best peer (attempt #55)
[11-28|12:46:13] DEBUG Waiting for best peer (attempt #57)
[11-28|12:46:13] DEBUG Waiting for best peer (attempt #59)
[11-28|12:46:13] DEBUG Waiting for best peer (attempt #65)
[11-28|12:46:13] DEBUG Waiting for best peer (attempt #63)
[11-28|12:46:13] DEBUG Waiting for best peer (attempt #61)
[11-28|12:46:15] DEBUG Finishing up sync with the current fetcher  height=55
[11-28|12:46:15] DEBUG Running execution startHeadBlock=54 canonicalHead=55 loop=true
[11-28|12:46:15] INFO Executed blocks count=1 first=54 hash=0x4dc0…5aba td=111 baseFee=7 hardfork=london last=55 hash=0x564c…935f txs=0
[11-28|12:46:16] DEBUG Waiting for best peer (attempt #68)
[11-28|12:46:18] DEBUG Waiting for best peer (attempt #2)
[11-28|12:46:18] DEBUG Waiting for best peer (attempt #4)
[11-28|12:46:18] DEBUG Waiting for best peer (attempt #6)
[11-28|12:46:18] DEBUG Waiting for best peer (attempt #8)
[11-28|12:46:18] DEBUG Waiting for best peer (attempt #16)
[11-28|12:46:18] DEBUG Waiting for best peer (attempt #12)
[11-28|12:46:18] DEBUG Waiting for best peer (attempt #18)
[11-28|12:46:18] DEBUG Waiting for best peer (attempt #14)
[11-28|12:46:18] DEBUG Waiting for best peer (attempt #20)
[11-28|12:46:18] DEBUG Waiting for best peer (attempt #28)
[11-28|12:46:18] DEBUG Waiting for best peer (attempt #26)
[11-28|12:46:18] DEBUG Waiting for best peer (attempt #30)
[11-28|12:46:18] DEBUG Waiting for best peer (attempt #24)
[11-28|12:46:18] DEBUG Waiting for best peer (attempt #32)
[11-28|12:46:18] DEBUG Waiting for best peer (attempt #34)
[11-28|12:46:18] DEBUG Waiting for best peer (attempt #10)
[11-28|12:46:18] DEBUG Waiting for best peer (attempt #22)
[11-28|12:46:18] DEBUG Waiting for best peer (attempt #36)
[11-28|12:46:18] DEBUG Waiting for best peer (attempt #38)
[11-28|12:46:18] DEBUG Waiting for best peer (attempt #44)
[11-28|12:46:18] DEBUG Waiting for best peer (attempt #40)
[11-28|12:46:18] DEBUG Waiting for best peer (attempt #46)
[11-28|12:46:18] DEBUG Waiting for best peer (attempt #42)
[11-28|12:46:18] DEBUG Waiting for best peer (attempt #52)
[11-28|12:46:18] DEBUG Waiting for best peer (attempt #48)
[11-28|12:46:18] DEBUG Waiting for best peer (attempt #50)
[11-28|12:46:18] DEBUG Waiting for best peer (attempt #54)
[11-28|12:46:18] DEBUG Waiting for best peer (attempt #56)
[11-28|12:46:18] DEBUG Waiting for best peer (attempt #58)
[11-28|12:46:18] DEBUG Waiting for best peer (attempt #60)
[11-28|12:46:18] DEBUG Waiting for best peer (attempt #66)
[11-28|12:46:18] DEBUG Waiting for best peer (attempt #64)
[11-28|12:46:18] DEBUG Waiting for best peer (attempt #62)
[11-28|12:46:21] DEBUG Waiting for best peer (attempt #69)
[11-28|12:46:23] DEBUG Waiting for best peer (attempt #1)
[11-28|12:46:23] DEBUG Waiting for best peer (attempt #3)
[11-28|12:46:23] DEBUG Waiting for best peer (attempt #5)
[11-28|12:46:23] DEBUG Waiting for best peer (attempt #7)
[11-28|12:46:23] DEBUG Waiting for best peer (attempt #9)
[11-28|12:46:23] DEBUG Waiting for best peer (attempt #17)
[11-28|12:46:23] DEBUG Waiting for best peer (attempt #13)
[11-28|12:46:23] DEBUG Waiting for best peer (attempt #19)
[11-28|12:46:23] DEBUG Waiting for best peer (attempt #15)
[11-28|12:46:23] DEBUG Waiting for best peer (attempt #21)
[11-28|12:46:23] DEBUG Waiting for best peer (attempt #29)
[11-28|12:46:23] DEBUG Waiting for best peer (attempt #27)
[11-28|12:46:23] DEBUG Waiting for best peer (attempt #31)
[11-28|12:46:23] DEBUG Waiting for best peer (attempt #25)
[11-28|12:46:23] DEBUG Waiting for best peer (attempt #33)
[11-28|12:46:23] DEBUG Waiting for best peer (attempt #35)
[11-28|12:46:23] DEBUG Waiting for best peer (attempt #11)
[11-28|12:46:23] DEBUG Waiting for best peer (attempt #23)
[11-28|12:46:23] DEBUG Waiting for best peer (attempt #37)
[11-28|12:46:23] DEBUG Waiting for best peer (attempt #39)
[11-28|12:46:23] DEBUG Waiting for best peer (attempt #45)
[11-28|12:46:23] DEBUG Waiting for best peer (attempt #41)
[11-28|12:46:23] DEBUG Waiting for best peer (attempt #47)
[11-28|12:46:23] DEBUG Waiting for best peer (attempt #43)
[11-28|12:46:23] DEBUG Waiting for best peer (attempt #53)
[11-28|12:46:23] DEBUG Waiting for best peer (attempt #49)
[11-28|12:46:23] DEBUG Waiting for best peer (attempt #51)
[11-28|12:46:23] DEBUG Waiting for best peer (attempt #55)
[11-28|12:46:23] DEBUG Waiting for best peer (attempt #57)
[11-28|12:46:23] DEBUG Waiting for best peer (attempt #59)
[11-28|12:46:23] DEBUG Waiting for best peer (attempt #61)
[11-28|12:46:23] DEBUG Waiting for best peer (attempt #67)
[11-28|12:46:23] DEBUG Waiting for best peer (attempt #65)
[11-28|12:46:23] DEBUG Waiting for best peer (attempt #63)
[11-28|12:46:25] DEBUG Finishing up sync with the current fetcher  height=56
[11-28|12:46:25] DEBUG Running execution startHeadBlock=55 canonicalHead=56 loop=true
[11-28|12:46:25] INFO Executed blocks count=1 first=55 hash=0x564c…935f td=113 baseFee=7 hardfork=london last=56 hash=0x3402…d275 txs=0
[11-28|12:46:26] DEBUG Waiting for best peer (attempt #70)
[11-28|12:46:28] DEBUG Waiting for best peer (attempt #2)
[11-28|12:46:28] DEBUG Waiting for best peer (attempt #4)
[11-28|12:46:28] DEBUG Waiting for best peer (attempt #6)
[11-28|12:46:28] DEBUG Waiting for best peer (attempt #8)
[11-28|12:46:28] DEBUG Waiting for best peer (attempt #10)
[11-28|12:46:28] DEBUG Waiting for best peer (attempt #18)
[11-28|12:46:28] DEBUG Waiting for best peer (attempt #14)
[11-28|12:46:28] DEBUG Waiting for best peer (attempt #20)
[11-28|12:46:28] DEBUG Waiting for best peer (attempt #16)
[11-28|12:46:28] DEBUG Waiting for best peer (attempt #22)
[11-28|12:46:28] DEBUG Waiting for best peer (attempt #30)
[11-28|12:46:28] DEBUG Waiting for best peer (attempt #28)
[11-28|12:46:28] DEBUG Waiting for best peer (attempt #32)
[11-28|12:46:28] DEBUG Waiting for best peer (attempt #26)
[11-28|12:46:28] DEBUG Waiting for best peer (attempt #34)
[11-28|12:46:28] DEBUG Waiting for best peer (attempt #36)
[11-28|12:46:28] DEBUG Waiting for best peer (attempt #12)
[11-28|12:46:28] DEBUG Waiting for best peer (attempt #24)
[11-28|12:46:28] DEBUG Memory stats usage=63 MB percentage=1%
[11-28|12:46:28] DEBUG Waiting for best peer (attempt #38)
[11-28|12:46:28] DEBUG Waiting for best peer (attempt #40)
[11-28|12:46:28] DEBUG Waiting for best peer (attempt #46)
[11-28|12:46:28] DEBUG Waiting for best peer (attempt #42)
[11-28|12:46:28] DEBUG Waiting for best peer (attempt #48)
[11-28|12:46:28] DEBUG Waiting for best peer (attempt #44)
[11-28|12:46:28] DEBUG Waiting for best peer (attempt #54)
[11-28|12:46:28] DEBUG Waiting for best peer (attempt #50)
[11-28|12:46:28] DEBUG Waiting for best peer (attempt #52)
[11-28|12:46:28] DEBUG Waiting for best peer (attempt #56)
[11-28|12:46:28] DEBUG Waiting for best peer (attempt #58)
[11-28|12:46:28] DEBUG Waiting for best peer (attempt #60)
[11-28|12:46:28] DEBUG Waiting for best peer (attempt #62)
[11-28|12:46:28] DEBUG Waiting for best peer (attempt #68)
[11-28|12:46:28] DEBUG Waiting for best peer (attempt #66)
[11-28|12:46:28] DEBUG Waiting for best peer (attempt #64)
[11-28|12:46:31] DEBUG Waiting for best peer (attempt #71)
[11-28|12:46:33] DEBUG Waiting for best peer (attempt #3)
[11-28|12:46:33] DEBUG Waiting for best peer (attempt #5)
[11-28|12:46:33] DEBUG Waiting for best peer (attempt #7)
[11-28|12:46:33] DEBUG Waiting for best peer (attempt #9)
[11-28|12:46:33] DEBUG Waiting for best peer (attempt #11)
[11-28|12:46:33] DEBUG Waiting for best peer (attempt #19)
[11-28|12:46:33] DEBUG Waiting for best peer (attempt #15)
[11-28|12:46:33] DEBUG Waiting for best peer (attempt #21)
[11-28|12:46:33] DEBUG Waiting for best peer (attempt #17)
[11-28|12:46:33] DEBUG Waiting for best peer (attempt #23)
[11-28|12:46:33] DEBUG Waiting for best peer (attempt #31)
[11-28|12:46:33] DEBUG Waiting for best peer (attempt #29)
[11-28|12:46:33] DEBUG Waiting for best peer (attempt #33)
[11-28|12:46:33] DEBUG Waiting for best peer (attempt #27)
[11-28|12:46:33] DEBUG Waiting for best peer (attempt #1)
[11-28|12:46:33] DEBUG Waiting for best peer (attempt #35)
[11-28|12:46:33] DEBUG Waiting for best peer (attempt #37)
[11-28|12:46:33] DEBUG Waiting for best peer (attempt #13)
[11-28|12:46:33] DEBUG Waiting for best peer (attempt #25)
[11-28|12:46:33] DEBUG Waiting for best peer (attempt #39)
[11-28|12:46:33] DEBUG Waiting for best peer (attempt #41)
[11-28|12:46:33] DEBUG Waiting for best peer (attempt #47)
[11-28|12:46:33] DEBUG Waiting for best peer (attempt #43)
[11-28|12:46:33] DEBUG Waiting for best peer (attempt #49)
[11-28|12:46:33] DEBUG Waiting for best peer (attempt #45)
[11-28|12:46:33] DEBUG Waiting for best peer (attempt #55)
[11-28|12:46:33] DEBUG Waiting for best peer (attempt #51)
[11-28|12:46:33] DEBUG Waiting for best peer (attempt #53)
[11-28|12:46:33] DEBUG Waiting for best peer (attempt #57)
[11-28|12:46:33] DEBUG Waiting for best peer (attempt #59)
[11-28|12:46:33] DEBUG Waiting for best peer (attempt #61)
[11-28|12:46:33] DEBUG Waiting for best peer (attempt #63)
[11-28|12:46:33] DEBUG Waiting for best peer (attempt #69)
[11-28|12:46:33] DEBUG Waiting for best peer (attempt #67)
[11-28|12:46:33] DEBUG Waiting for best peer (attempt #65)
[11-28|12:46:35] DEBUG Finishing up sync with the current fetcher  height=57
[11-28|12:46:35] DEBUG Running execution startHeadBlock=56 canonicalHead=57 loop=true
[11-28|12:46:35] INFO Executed blocks count=1 first=56 hash=0x3402…d275 td=115 baseFee=7 hardfork=london last=57 hash=0xea66…48f5 txs=0
[11-28|12:46:36] DEBUG Waiting for best peer (attempt #72)
[11-28|12:46:38] DEBUG Waiting for best peer (attempt #4)
[11-28|12:46:38] DEBUG Waiting for best peer (attempt #6)
[11-28|12:46:38] DEBUG Waiting for best peer (attempt #8)
[11-28|12:46:38] DEBUG Waiting for best peer (attempt #10)
[11-28|12:46:38] DEBUG Waiting for best peer (attempt #12)
[11-28|12:46:38] DEBUG Waiting for best peer (attempt #20)
[11-28|12:46:38] DEBUG Waiting for best peer (attempt #16)
[11-28|12:46:38] DEBUG Waiting for best peer (attempt #22)
[11-28|12:46:38] DEBUG Waiting for best peer (attempt #18)
[11-28|12:46:38] DEBUG Waiting for best peer (attempt #24)
[11-28|12:46:38] DEBUG Waiting for best peer (attempt #32)
[11-28|12:46:38] DEBUG Waiting for best peer (attempt #30)
[11-28|12:46:38] DEBUG Waiting for best peer (attempt #34)
[11-28|12:46:38] DEBUG Waiting for best peer (attempt #28)
[11-28|12:46:38] DEBUG Waiting for best peer (attempt #2)
[11-28|12:46:38] DEBUG Waiting for best peer (attempt #36)
[11-28|12:46:38] DEBUG Waiting for best peer (attempt #38)
[11-28|12:46:38] DEBUG Waiting for best peer (attempt #14)
[11-28|12:46:38] DEBUG Waiting for best peer (attempt #26)
[11-28|12:46:38] DEBUG Waiting for best peer (attempt #40)
[11-28|12:46:38] DEBUG Waiting for best peer (attempt #42)
[11-28|12:46:38] DEBUG Waiting for best peer (attempt #48)
[11-28|12:46:38] DEBUG Waiting for best peer (attempt #44)
[11-28|12:46:38] DEBUG Waiting for best peer (attempt #50)
[11-28|12:46:38] DEBUG Waiting for best peer (attempt #46)
[11-28|12:46:38] DEBUG Waiting for best peer (attempt #56)
[11-28|12:46:38] DEBUG Waiting for best peer (attempt #52)
[11-28|12:46:38] DEBUG Waiting for best peer (attempt #54)
[11-28|12:46:38] DEBUG Waiting for best peer (attempt #58)
[11-28|12:46:38] DEBUG Waiting for best peer (attempt #60)
[11-28|12:46:38] DEBUG Waiting for best peer (attempt #62)
[11-28|12:46:38] DEBUG Waiting for best peer (attempt #64)
[11-28|12:46:38] DEBUG Waiting for best peer (attempt #70)
[11-28|12:46:38] DEBUG Waiting for best peer (attempt #68)
[11-28|12:46:38] DEBUG Waiting for best peer (attempt #66)
[11-28|12:46:38] INFO Caught interrupt signal. Obtaining client handle for clean shutdown...
[11-28|12:46:38] INFO (This might take a little longer if client not yet fully started)
[11-28|12:46:38] INFO Shutting down the client and the servers...
[11-28|12:46:38] INFO TxPool stopped.
[11-28|12:46:38] INFO Caught interrupt signal. Obtaining client handle for clean shutdown...
[11-28|12:46:38] INFO (This might take a little longer if client not yet fully started)
[11-28|12:46:38] INFO Shutting down the client and the servers...
[11-28|12:46:38] INFO Caught interrupt signal. Obtaining client handle for clean shutdown...
[11-28|12:46:38] INFO (This might take a little longer if client not yet fully started)
[11-28|12:46:38] INFO Shutting down the client and the servers...
[11-28|12:46:38] INFO Caught interrupt signal. Obtaining client handle for clean shutdown...
[11-28|12:46:38] INFO (This might take a little longer if client not yet fully started)
[11-28|12:46:38] INFO Shutting down the client and the servers...
[11-28|12:46:41] DEBUG Waiting for best peer (attempt #73)
[11-28|12:46:43] DEBUG Waiting for best peer (attempt #5)
[11-28|12:46:43] DEBUG Waiting for best peer (attempt #7)
[11-28|12:46:43] DEBUG Waiting for best peer (attempt #1)
[11-28|12:46:43] DEBUG Waiting for best peer (attempt #9)
[11-28|12:46:43] DEBUG Waiting for best peer (attempt #11)
[11-28|12:46:43] DEBUG Waiting for best peer (attempt #13)
[11-28|12:46:43] DEBUG Waiting for best peer (attempt #21)
[11-28|12:46:43] DEBUG Waiting for best peer (attempt #17)
[11-28|12:46:43] DEBUG Waiting for best peer (attempt #23)
[11-28|12:46:43] DEBUG Waiting for best peer (attempt #19)
[11-28|12:46:43] DEBUG Waiting for best peer (attempt #25)
[11-28|12:46:43] DEBUG Waiting for best peer (attempt #33)
[11-28|12:46:43] DEBUG Waiting for best peer (attempt #31)
[11-28|12:46:43] DEBUG Waiting for best peer (attempt #35)
[11-28|12:46:43] DEBUG Waiting for best peer (attempt #29)
[11-28|12:46:43] DEBUG Waiting for best peer (attempt #3)
[11-28|12:46:43] DEBUG Waiting for best peer (attempt #37)
[11-28|12:46:43] DEBUG Waiting for best peer (attempt #39)
[11-28|12:46:43] DEBUG Waiting for best peer (attempt #15)
[11-28|12:46:43] DEBUG Waiting for best peer (attempt #27)
[11-28|12:46:43] DEBUG Waiting for best peer (attempt #41)
[11-28|12:46:43] DEBUG Waiting for best peer (attempt #43)
[11-28|12:46:43] DEBUG Waiting for best peer (attempt #49)
[11-28|12:46:43] DEBUG Waiting for best peer (attempt #45)
[11-28|12:46:43] DEBUG Waiting for best peer (attempt #51)
[11-28|12:46:43] DEBUG Waiting for best peer (attempt #47)
[11-28|12:46:43] DEBUG Waiting for best peer (attempt #57)
[11-28|12:46:43] DEBUG Waiting for best peer (attempt #53)
[11-28|12:46:43] DEBUG Waiting for best peer (attempt #55)
[11-28|12:46:43] DEBUG Waiting for best peer (attempt #59)
[11-28|12:46:43] DEBUG Waiting for best peer (attempt #61)
[11-28|12:46:43] DEBUG Waiting for best peer (attempt #63)
[11-28|12:46:43] DEBUG Waiting for best peer (attempt #65)
[11-28|12:46:43] DEBUG Waiting for best peer (attempt #71)
[11-28|12:46:43] DEBUG Waiting for best peer (attempt #69)
[11-28|12:46:43] DEBUG Waiting for best peer (attempt #67)
[11-28|12:46:46] DEBUG Waiting for best peer (attempt #74)
[11-28|12:46:46] INFO Stopped synchronization.
[11-28|12:46:46] INFO Stopped execution.
